attendance_id,student_id,course_id,class_date,is_present,late_minutes
AT0001,S0164,SCR004,2025-09-27,True,15.0
AT0002,S0190,PYT005,2026-01-24,True,4.0
AT0003,S0058,PYT001,2025-11-08,True,0.0
AT0004,S0174,CPP001,2025-11-01,True,10.0
AT0005,S0152,WEB001,2025-10-04,True,6.0
AT0006,S0008,SCR003,2026-01-10,True,17.0
AT0007,S0060,APP002,2025-10-04,True,1.0
AT0008,S0144,PYT003,2026-06-27,True,1.0
AT0009,S0108,PYT004,2026-05-02,True,3.0
AT0010,S0151,PYT005,2025-09-20,True,1.0
AT0011,S0195,PYT002,2026-04-25,True,0.0
AT0012,S0088,PYT005,2025-12-06,True,2.0
AT0013,S0056,EVT001,2025-11-08,True,7.0
AT0014,S0024,EVT003,2025-11-08,True,3.0
AT0015,S0092,EVT002,2026-01-31,True,0.0
AT0016,S0012,WEB002,2026-06-20,True,0.0
AT0017,S0032,EVT003,2025-10-25,True,14.0
AT0018,S0142,PYT006,2026-03-21,False,
AT0019,S0148,PYT003,2025-10-25,True,1.0
AT0020,S0012,PYT004,2026-02-14,True,5.0
AT0021,S0021,PYT004,2025-11-08,True,0.0
AT0022,S0098,PYT005,2026-05-09,True,0.0
AT0023,S0163,EVT002,2025-12-13,False,
AT0024,S0095,EVT002,2026-01-03,True,5.0
AT0025,S0172,PYT005,2025-10-25,True,3.0
AT0026,S0156,PYT002,2026-06-20,True,1.0
AT0027,S0187,PYT004,2025-12-13,False,
AT0028,S0119,EVT003,2026-01-31,True,14.0
AT0029,S0164,CPP001,2026-01-10,False,
AT0030,S0176,EVT001,2025-10-18,True,12.0
AT0031,S0059,SCR002,2026-02-28,True,1.0
AT0032,S0103,PYT005,2025-10-18,True,1.0
AT0033,S0055,CPP002,2026-02-28,True,1.0
AT0034,S0055,APP001,2026-04-11,True,2.0
AT0035,S0165,WEB002,2025-11-29,True,3.0
AT0036,S0068,PYT001,2026-01-24,True,8.0
AT0037,S0191,CPP001,2026-06-20,True,21.0
AT0038,S0068,CPP002,2026-04-25,True,1.0
AT0039,S0150,EVT003,2026-03-21,True,8.0
AT0040,S0057,PYT001,2026-06-06,True,6.0
AT0041,S0127,SCR003,2025-10-11,True,0.0
AT0042,S0029,PYT001,2025-12-06,True,0.0
AT0043,S0175,WEB001,2025-10-18,False,
AT0044,S0099,EVT003,2026-05-16,True,2.0
AT0045,S0136,PYT005,2026-06-27,True,1.0
AT0046,S0003,SCR004,2026-06-20,True,6.0
AT0047,S0193,PYT005,2026-03-14,True,10.0
AT0048,S0029,PYT006,2026-04-25,True,0.0
AT0049,S0041,WEB002,2025-09-20,True,7.0
AT0050,S0185,PYT005,2026-05-30,True,7.0
AT0051,S0196,PYT002,2026-06-06,True,3.0
AT0052,S0028,PYT006,2026-06-06,True,0.0
AT0053,S0156,PYT003,2025-12-06,True,0.0
AT0054,S0096,PYT002,2026-06-20,True,1.0
AT0055,S0200,APP002,2025-09-20,True,11.0
AT0056,S0154,EVT001,2026-05-23,True,2.0
AT0057,S0005,SCR004,2026-03-21,True,1.0
AT0058,S0079,PYT004,2025-10-18,True,1.0
AT0059,S0062,CPP002,2025-10-25,True,13.0
AT0060,S0022,APP001,2025-10-25,True,5.0
AT0061,S0195,CPP001,2025-11-22,False,
AT0062,S0033,APP001,2026-06-27,True,1.0
AT0063,S0043,PYT005,2026-06-13,False,
AT0064,S0156,WEB001,2026-01-03,True,8.0
AT0065,S0139,PYT003,2026-02-21,False,
AT0066,S0103,EVT002,2026-05-02,True,0.0
AT0067,S0133,WEB002,2025-11-15,True,2.0
AT0068,S0064,PYT004,2025-10-18,True,9.0
AT0069,S0087,SCR001,2026-06-27,True,3.0
AT0070,S0059,CPP002,2026-01-10,True,1.0
AT0071,S0002,SCR003,2025-10-18,True,2.0
AT0072,S0059,SCR003,2025-10-04,False,
AT0073,S0085,SCR003,2026-06-06,True,3.0
AT0074,S0061,PYT005,2026-05-23,True,2.0
AT0075,S0055,CPP001,2025-11-22,False,
AT0076,S0186,CPP002,2026-05-16,False,
AT0077,S0063,APP001,2026-04-11,True,3.0
AT0078,S0049,SCR004,2025-11-08,True,1.0
AT0079,S0169,WEB001,2026-03-21,True,4.0
AT0080,S0109,WEB001,2026-05-16,True,0.0
AT0081,S0187,SCR002,2025-11-08,True,11.0
AT0082,S0016,EVT003,2026-03-07,True,0.0
AT0083,S0028,PYT004,2025-12-27,True,21.0
AT0084,S0049,CPP001,2026-05-02,True,5.0
AT0085,S0036,WEB001,2025-12-20,True,1.0
AT0086,S0072,WEB002,2026-01-24,True,2.0
AT0087,S0020,WEB002,2026-06-27,True,5.0
AT0088,S0026,SCR002,2026-06-20,True,0.0
AT0089,S0004,SCR003,2026-01-17,True,1.0
AT0090,S0043,WEB001,2026-05-23,True,0.0
AT0091,S0124,PYT003,2026-04-11,True,5.0
AT0092,S0016,PYT002,2026-03-28,True,3.0
AT0093,S0001,EVT003,2026-01-31,True,5.0
AT0094,S0001,WEB002,2026-02-14,True,5.0
AT0095,S0109,CPP001,2026-05-23,True,13.0
AT0096,S0040,PYT003,2026-02-14,True,2.0
AT0097,S0056,SCR002,2026-06-20,True,12.0
AT0098,S0016,EVT001,2025-10-18,False,
AT0099,S0013,CPP002,2026-05-23,True,5.0
AT0100,S0129,APP002,2025-12-06,True,120.0
AT0101,S0015,APP002,2025-11-01,True,1.0
AT0102,S0048,SCR003,2025-10-25,True,11.0
AT0103,S0173,PYT004,2026-04-11,False,
AT0104,S0031,CPP002,2026-01-24,True,2.0
AT0105,S0149,CPP003,2025-10-11,True,6.0
AT0106,S0159,SCR003,2026-04-18,False,
AT0107,S0169,CPP002,2026-06-13,False,
AT0108,S0081,PYT005,2026-01-03,True,5.0
AT0109,S0172,EVT001,2026-01-17,True,0.0
AT0110,S0068,EVT003,2025-11-22,False,
AT0111,S0172,PYT006,2026-05-09,True,0.0
AT0112,S0081,SCR003,2025-09-20,True,5.0
AT0113,S0118,CPP003,2026-07-04,True,0.0
AT0114,S0026,SCR003,2026-06-20,True,5.0
AT0115,S0055,APP002,2026-01-31,True,1.0
AT0116,S0034,EVT002,2025-10-25,True,1.0
AT0117,S0063,EVT002,2026-02-07,True,6.0
AT0118,S0041,WEB002,2026-06-20,True,9.0
AT0119,S0181,PYT006,2026-06-13,True,4.0
AT0120,S0003,CPP001,2026-02-21,True,2.0
AT0121,S0170,SCR004,2025-11-22,True,1.0
AT0122,S0068,SCR004,2025-11-08,False,
AT0123,S0191,CPP001,2025-12-06,True,11.0
AT0124,S0070,PYT006,2026-01-03,True,7.0
AT0125,S0184,EVT001,2026-01-03,True,4.0
AT0126,S0176,PYT005,2026-06-06,True,1.0
AT0127,S0126,PYT005,2025-10-11,True,1.0
AT0128,S0024,WEB001,2026-02-07,True,5.0
AT0129,S0012,SCR001,2026-03-07,True,14.0
AT0130,S0198,PYT001,2026-01-31,False,
AT0131,S0042,WEB002,2026-06-27,False,
AT0132,S0181,WEB001,2026-07-04,True,0.0
AT0133,S0003,SCR004,2025-10-25,False,
AT0134,S0177,PYT001,2026-06-27,True,17.0
AT0135,S0010,EVT002,2026-06-27,False,
AT0136,S0038,WEB001,2025-11-22,False,
AT0137,S0011,PYT006,2026-03-21,True,2.0
AT0138,S0011,EVT002,2026-01-03,False,
AT0139,S0175,PYT004,2025-11-08,True,0.0
AT0140,S0091,CPP001,2026-04-11,True,13.0
AT0141,S0159,PYT001,2026-01-17,True,4.0
AT0142,S0042,PYT002,2026-04-18,True,4.0
AT0143,S0007,PYT002,2026-03-07,False,
AT0144,S0001,WEB001,2026-01-24,True,3.0
AT0145,S0069,PYT002,2025-11-15,False,
AT0146,S0098,SCR002,2026-05-16,True,5.0
AT0147,S0057,PYT003,2026-05-09,True,2.0
AT0148,S0090,PYT006,2026-01-10,True,8.0
AT0149,S0058,SCR001,2025-12-27,True,10.0
AT0150,S0103,EVT001,2026-02-07,False,
AT0151,S0018,PYT005,2026-03-14,True,3.0
AT0152,S0165,APP002,2026-04-11,True,5.0
AT0153,S0174,CPP001,2026-03-07,True,7.0
AT0154,S0008,SCR004,2026-01-31,False,
AT0155,S0046,CPP002,2026-01-31,True,2.0
AT0156,S0010,SCR004,2026-04-25,True,4.0
AT0157,S0089,EVT001,2026-05-02,True,3.0
AT0158,S0156,APP002,2025-11-15,True,1.0
AT0159,S0099,CPP002,2025-12-27,True,0.0
AT0160,S0066,SCR002,2026-05-02,True,8.0
AT0161,S0001,APP002,2026-06-20,True,0.0
AT0162,S0176,PYT003,2026-03-21,True,7.0
AT0163,S0111,SCR003,2026-03-07,True,4.0
AT0164,S0160,EVT001,2025-11-22,True,0.0
AT0165,S0185,PYT006,2026-06-06,True,3.0
AT0166,S0080,WEB001,2026-03-07,True,6.0
AT0167,S0104,PYT006,2026-06-27,False,
AT0168,S0033,PYT003,2026-04-18,True,1.0
AT0169,S0171,EVT003,2025-12-13,True,1.0
AT0170,S0158,CPP002,2026-02-21,True,0.0
AT0171,S0104,CPP001,2025-09-20,True,16.0
AT0172,S0078,PYT006,2026-01-03,True,5.0
AT0173,S0111,CPP002,2026-02-28,True,0.0
AT0174,S0120,WEB002,2026-05-02,True,1.0
AT0175,S0173,PYT003,2026-06-06,True,6.0
AT0176,S0122,PYT002,2025-11-01,True,1.0
AT0177,S0073,APP002,2026-03-07,False,
AT0178,S0024,PYT004,2026-02-21,True,4.0
AT0179,S0058,PYT003,2025-11-29,True,2.0
AT0180,S0007,SCR002,2026-01-24,True,2.0
AT0181,S0122,CPP003,2025-10-25,True,0.0
AT0182,S0117,WEB001,2025-12-27,True,0.0
AT0183,S0184,EVT003,2026-05-30,True,9.0
AT0184,S0103,PYT004,2025-11-29,True,3.0
AT0185,S0168,SCR001,2025-11-08,True,3.0
AT0186,S0200,WEB001,2026-01-10,True,0.0
AT0187,S0046,APP002,2026-05-16,True,2.0
AT0188,S0013,CPP001,2026-01-24,True,5.0
AT0189,S0032,WEB002,2025-11-22,True,2.0
AT0190,S0119,APP002,2026-07-04,True,3.0
AT0191,S0153,EVT001,2026-05-02,False,
AT0192,S0157,APP002,2026-04-25,True,0.0
AT0193,S0141,WEB002,2025-12-06,True,5.0
AT0194,S0191,APP001,2026-05-09,True,4.0
AT0195,S0067,PYT004,2026-02-07,False,
AT0196,S0197,APP002,2026-05-23,True,2.0
AT0197,S0161,PYT004,2026-02-07,True,3.0
AT0198,S0113,SCR003,2026-02-14,True,14.0
AT0199,S0061,PYT005,2026-03-07,True,16.0
AT0200,S0082,CPP001,2025-11-01,False,
AT0201,S0036,PYT001,2026-01-17,True,0.0
AT0202,S0099,PYT001,2026-01-03,True,0.0
AT0203,S0017,WEB001,2026-04-11,True,5.0
AT0204,S0085,CPP001,2026-05-16,True,1.0
AT0205,S0107,SCR002,2026-01-03,True,0.0
AT0206,S0108,EVT003,2025-09-27,True,1.0
AT0207,S0196,CPP002,2026-03-28,True,5.0
AT0208,S0123,SCR001,2026-03-14,True,10.0
AT0209,S0077,EVT003,2026-04-18,True,8.0
AT0210,S0138,CPP001,2026-01-10,True,0.0
AT0211,S0125,PYT004,2026-02-07,True,8.0
AT0212,S0112,APP001,2025-10-04,False,
AT0213,S0100,EVT001,2026-04-11,True,2.0
AT0214,S0186,PYT002,2026-05-16,True,2.0
AT0215,S0033,CPP003,2026-06-20,False,
AT0216,S0007,EVT003,2026-07-04,False,
AT0217,S0170,SCR001,2025-11-01,True,6.0
AT0218,S0165,WEB001,2025-11-29,True,0.0
AT0219,S0119,PYT002,2025-10-11,False,
AT0220,S0067,EVT003,2026-03-07,True,8.0
AT0221,S0055,WEB002,2026-03-07,True,11.0
AT0222,S0087,EVT003,2026-02-07,True,0.0
AT0223,S0193,WEB001,2026-01-24,False,
AT0224,S0021,APP001,2025-09-27,True,1.0
AT0225,S0192,CPP001,2025-10-11,False,
AT0226,S0090,PYT004,2025-10-25,False,
AT0227,S0200,SCR002,2025-10-04,True,4.0
AT0228,S0064,PYT003,2025-09-27,True,1.0
AT0229,S0160,PYT001,2026-01-17,True,5.0
AT0230,S0033,APP001,2025-11-15,True,7.0
AT0231,S0145,PYT003,2026-05-16,True,0.0
AT0232,S0180,PYT005,2026-03-28,True,0.0
AT0233,S0043,CPP003,2025-11-15,True,2.0
AT0234,S0200,PYT002,2026-02-21,False,
AT0235,S0028,CPP002,2025-10-04,True,0.0
AT0236,S0080,CPP002,2026-03-28,True,7.0
AT0237,S0102,PYT003,2025-10-25,True,0.0
AT0238,S0152,PYT004,2025-11-08,True,6.0
AT0239,S0179,PYT006,2025-11-15,True,8.0
AT0240,S0145,SCR002,2026-03-14,True,0.0
AT0241,S0137,WEB001,2026-03-28,True,21.0
AT0242,S0018,APP002,2026-03-14,True,2.0
AT0243,S0004,WEB001,2026-05-23,True,14.0
AT0244,S0028,WEB001,2026-03-21,False,
AT0245,S0163,WEB002,2025-12-06,True,2.0
AT0246,S0112,PYT002,2026-06-13,True,7.0
AT0247,S0167,PYT005,2026-06-20,True,2.0
AT0248,S0199,APP001,2026-05-16,False,
AT0249,S0112,CPP002,2026-01-31,True,3.0
AT0250,S0083,PYT004,2025-11-01,True,3.0
AT0251,S0072,WEB002,2026-01-17,True,0.0
AT0252,S0193,WEB002,2026-03-28,True,5.0
AT0253,S0087,SCR001,2026-05-30,True,4.0
AT0254,S0084,PYT002,2026-05-23,False,
AT0255,S0055,EVT002,2026-01-31,True,1.0
AT0256,S0088,PYT005,2026-02-07,False,
AT0257,S0143,SCR001,2026-06-06,True,16.0
AT0258,S0049,SCR003,2026-01-17,True,17.0
AT0259,S0185,WEB001,2026-05-23,True,11.0
AT0260,S0143,PYT004,2026-05-16,True,24.0
AT0261,S0166,APP001,2026-05-02,True,4.0
AT0262,S0005,SCR003,2026-02-14,False,
AT0263,S0057,EVT003,2026-01-17,True,4.0
AT0264,S0079,CPP002,2026-03-28,True,3.0
AT0265,S0122,CPP001,2026-06-13,True,4.0
AT0266,S0089,WEB001,2026-06-27,False,
AT0267,S0085,EVT002,2026-05-09,True,1.0
AT0268,S0070,PYT006,2026-01-24,False,
AT0269,S0060,SCR004,2025-12-27,False,
AT0270,S0081,SCR004,2026-06-20,True,4.0
AT0271,S0196,PYT002,2025-12-27,True,1.0
AT0272,S0056,APP001,2026-02-07,True,2.0
AT0273,S0186,CPP002,2026-06-13,True,0.0
AT0274,S0153,PYT006,2025-11-08,False,
AT0275,S0050,PYT006,2026-01-10,False,
AT0276,S0093,PYT002,2026-02-21,True,3.0
AT0277,S0004,CPP001,2025-11-22,True,8.0
AT0278,S0071,SCR002,2025-10-18,True,0.0
AT0279,S0142,PYT006,2025-11-22,False,
AT0280,S0164,APP001,2025-11-08,True,14.0
AT0281,S0004,CPP002,2026-02-07,True,4.0
AT0282,S0121,APP001,2026-05-02,True,13.0
AT0283,S0088,PYT002,2025-10-11,False,
AT0284,S0065,APP001,2025-11-15,True,0.0
AT0285,S0017,EVT003,2026-05-30,True,8.0
AT0286,S0019,CPP002,2025-10-18,False,
AT0287,S0039,PYT001,2026-07-04,True,4.0
AT0288,S0078,SCR003,2026-01-24,True,17.0
AT0289,S0031,CPP001,2026-04-18,True,9.0
AT0290,S0156,CPP003,2026-01-10,True,2.0
AT0291,S0199,APP002,2026-03-28,True,0.0
AT0292,S0116,WEB002,2026-02-14,False,
AT0293,S0151,WEB001,2026-02-21,True,40.0
AT0294,S0146,CPP003,2025-10-18,False,
AT0295,S0157,SCR004,2026-01-03,True,7.0
AT0296,S0161,PYT003,2026-01-31,False,
AT0297,S0170,SCR003,2025-12-06,True,1.0
AT0298,S0062,PYT002,2026-06-27,True,0.0
AT0299,S0020,PYT002,2025-09-20,False,
AT0300,S0105,WEB002,2026-05-16,True,120.0
AT0301,S0075,SCR002,2026-01-17,True,4.0
AT0302,S0074,PYT006,2026-05-09,True,0.0
AT0303,S0019,PYT004,2026-01-31,True,3.0
AT0304,S0161,CPP002,2025-12-27,True,3.0
AT0305,S0109,SCR004,2026-06-20,False,
AT0306,S0058,PYT001,2026-01-31,True,4.0
AT0307,S0037,SCR003,2025-10-18,False,
AT0308,S0043,PYT006,2026-02-14,True,0.0
AT0309,S0113,SCR004,2026-05-16,True,7.0
AT0310,S0177,PYT006,2026-04-11,True,6.0
AT0311,S0070,APP002,2026-06-20,True,0.0
AT0312,S0127,WEB002,2025-11-01,True,2.0
AT0313,S0154,SCR002,2026-04-25,True,2.0
AT0314,S0189,EVT001,2026-01-24,True,11.0
AT0315,S0007,SCR003,2026-01-10,True,3.0
AT0316,S0173,CPP002,2025-09-27,True,2.0
AT0317,S0196,PYT005,2025-10-11,True,9.0
AT0318,S0196,PYT002,2026-05-16,False,
AT0319,S0133,WEB002,2026-02-07,True,13.0
AT0320,S0047,CPP002,2026-05-02,True,1.0
AT0321,S0163,APP001,2025-11-01,True,19.0
AT0322,S0121,EVT002,2026-04-18,True,1.0
AT0323,S0086,EVT001,2025-11-08,True,1.0
AT0324,S0042,EVT001,2026-04-18,True,0.0
AT0325,S0178,APP001,2026-02-14,True,0.0
AT0326,S0170,EVT003,2026-06-27,True,5.0
AT0327,S0010,WEB002,2025-11-01,True,2.0
AT0328,S0081,PYT005,2026-02-28,False,
AT0329,S0030,EVT003,2026-06-06,True,5.0
AT0330,S0001,CPP001,2026-05-09,True,1.0
AT0331,S0106,SCR002,2025-12-20,True,0.0
AT0332,S0133,EVT002,2026-05-30,True,0.0
AT0333,S0161,WEB002,2025-10-11,True,0.0
AT0334,S0053,PYT005,2026-06-27,True,1.0
AT0335,S0034,PYT006,2026-05-02,True,3.0
AT0336,S0179,APP001,2025-11-22,True,0.0
AT0337,S0008,CPP003,2026-01-17,True,4.0
AT0338,S0182,PYT002,2026-02-21,True,10.0
AT0339,S0142,SCR001,2026-06-27,False,
AT0340,S0105,SCR003,2026-01-10,True,1.0
AT0341,S0030,WEB002,2025-11-15,True,6.0
AT0342,S0166,PYT001,2026-05-30,True,1.0
AT0343,S0184,PYT006,2026-06-06,True,3.0
AT0344,S0181,PYT005,2026-04-18,True,2.0
AT0345,S0124,APP001,2026-01-17,True,6.0
AT0346,S0117,CPP001,2025-11-29,True,1.0
AT0347,S0099,PYT003,2026-06-06,True,11.0
AT0348,S0192,PYT001,2025-10-25,True,3.0
AT0349,S0071,WEB001,2026-03-14,True,2.0
AT0350,S0130,PYT005,2025-09-20,True,1.0
AT0351,S0073,PYT006,2026-05-23,True,2.0
AT0352,S0039,WEB002,2026-06-20,True,1.0
AT0353,S0124,EVT002,2026-03-07,True,1.0
AT0354,S0142,CPP001,2026-03-28,True,11.0
AT0355,S0117,EVT001,2025-12-20,True,5.0
AT0356,S0179,PYT004,2026-04-04,True,3.0
AT0357,S0060,WEB001,2025-10-11,True,3.0
AT0358,S0082,APP001,2026-04-04,True,6.0
AT0359,S0099,PYT001,2026-05-30,True,0.0
AT0360,S0010,PYT001,2026-05-30,True,2.0
AT0361,S0152,EVT001,2025-11-08,True,4.0
AT0362,S0113,SCR004,2026-06-13,True,21.0
AT0363,S0117,SCR001,2025-11-29,True,1.0
AT0364,S0105,PYT001,2025-10-25,True,0.0
AT0365,S0121,PYT005,2026-03-07,True,0.0
AT0366,S0160,EVT003,2025-11-01,True,1.0
AT0367,S0085,CPP001,2026-03-28,True,11.0
AT0368,S0082,APP001,2026-06-20,True,3.0
AT0369,S0010,CPP003,2025-10-25,True,20.0
AT0370,S0061,PYT006,2026-01-10,True,2.0
AT0371,S0192,SCR003,2026-04-25,False,
AT0372,S0026,SCR004,2026-05-02,False,
AT0373,S0043,PYT006,2025-10-04,True,1.0
AT0374,S0012,EVT001,2025-10-18,True,5.0
AT0375,S0076,EVT002,2026-03-28,False,
AT0376,S0111,PYT001,2026-01-24,True,4.0
AT0377,S0136,WEB001,2025-12-20,True,7.0
AT0378,S0044,PYT002,2025-10-25,True,1.0
AT0379,S0157,EVT003,2026-01-17,True,3.0
AT0380,S0128,CPP002,2025-11-29,True,0.0
AT0381,S0060,WEB002,2026-01-24,True,1.0
AT0382,S0118,PYT005,2025-09-20,True,0.0
AT0383,S0120,PYT006,2026-06-27,True,3.0
AT0384,S0041,SCR003,2026-05-02,,2.0
AT0385,S0089,CPP002,2026-02-21,True,0.0
AT0386,S0164,WEB001,2026-01-24,False,
AT0387,S0117,PYT006,2025-12-27,True,8.0
AT0388,S0099,APP001,2025-11-08,True,5.0
AT0389,S0061,EVT003,2026-03-21,True,4.0
AT0390,S0148,PYT006,2026-02-14,True,2.0
AT0391,S0006,EVT003,2026-02-07,True,13.0
AT0392,S0003,CPP002,2025-10-11,True,16.0
AT0393,S0156,APP001,2026-02-14,True,6.0
AT0394,S0199,PYT004,2026-03-14,False,
AT0395,S0057,PYT003,2026-01-24,True,0.0
AT0396,S0174,PYT001,2025-11-08,True,4.0
AT0397,S0161,SCR002,2026-02-21,True,0.0
AT0398,S0113,SCR002,2026-03-21,True,1.0
AT0399,S0188,PYT001,2025-11-01,True,0.0
AT0400,S0076,EVT001,2026-04-18,True,120.0
AT0401,S0045,PYT003,2025-11-22,,2.0
AT0402,S0139,EVT002,2026-06-13,False,
AT0403,S0129,PYT005,2025-12-13,True,8.0
AT0404,S0066,APP001,2026-02-14,True,2.0
AT0405,S0192,EVT001,2025-11-15,True,1.0
AT0406,S0120,SCR003,2025-11-29,True,3.0
AT0407,S0194,PYT004,2026-04-11,True,11.0
AT0408,S0143,EVT002,2025-11-01,True,3.0
AT0409,S0102,SCR001,2026-01-31,False,
AT0410,S0138,SCR004,2026-05-09,True,0.0
AT0411,S0095,PYT005,2026-04-04,False,
AT0412,S0164,EVT002,2025-11-15,True,2.0
AT0413,S0173,PYT004,2026-05-16,True,7.0
AT0414,S0007,CPP003,2026-07-04,True,3.0
AT0415,S0084,CPP003,2026-01-10,False,
AT0416,S0166,SCR003,2026-05-16,True,0.0
AT0417,S0180,PYT006,2026-04-18,True,1.0
AT0418,S0030,PYT001,2025-10-11,True,0.0
AT0419,S0010,PYT006,2026-05-30,True,7.0
AT0420,S0030,SCR004,2026-01-17,False,
AT0421,S0138,PYT001,2026-04-04,True,8.0
AT0422,S0117,EVT002,2026-06-20,True,9.0
AT0423,S0108,CPP002,2025-12-06,True,2.0
AT0424,S0107,SCR004,2026-05-23,True,0.0
AT0425,S0158,WEB001,2026-02-07,True,6.0
AT0426,S0009,EVT002,2026-01-10,True,5.0
AT0427,S0114,WEB002,2026-01-17,True,3.0
AT0428,S0093,SCR004,2026-03-28,True,2.0
AT0429,S0140,EVT002,2025-10-18,True,11.0
AT0430,S0102,PYT005,2025-12-27,True,2.0
AT0431,S0032,WEB002,2025-11-01,True,14.0
AT0432,S0170,PYT003,2025-09-27,True,4.0
AT0433,S0013,EVT001,2026-01-17,True,4.0
AT0434,S0033,CPP002,2026-01-03,True,10.0
AT0435,S0018,CPP001,2026-01-03,False,
AT0436,S0151,PYT003,2026-01-17,True,5.0
AT0437,S0085,PYT001,2025-09-20,False,
AT0438,S0071,PYT001,2025-11-22,True,0.0
AT0439,S0139,PYT005,2025-12-13,True,4.0
AT0440,S0029,SCR001,2025-11-22,True,6.0
AT0441,S0004,EVT002,2026-01-17,False,
AT0442,S0151,EVT001,2025-09-27,False,
AT0443,S0045,PYT005,2025-10-11,True,0.0
AT0444,S0033,WEB001,2026-06-13,False,
AT0445,S0030,SCR003,2026-05-16,True,0.0
AT0446,S0115,EVT002,2026-06-06,False,
AT0447,S0152,SCR004,2026-05-09,False,
AT0448,S0129,PYT004,2025-10-11,True,4.0
AT0449,S0187,APP002,2026-02-21,True,0.0
AT0450,S0118,SCR001,2025-10-18,True,8.0
AT0451,S0123,EVT003,2026-04-25,True,2.0
AT0452,S0176,SCR004,2026-05-30,True,3.0
AT0453,S0183,WEB002,2025-10-25,False,
AT0454,S0021,EVT001,2025-11-29,True,2.0
AT0455,S0017,PYT001,2026-02-07,True,3.0
AT0456,S0160,CPP002,2026-06-27,True,3.0
AT0457,S0183,EVT001,2026-04-04,,0.0
AT0458,S0153,APP002,2026-02-14,True,2.0
AT0459,S0117,APP002,2026-04-25,False,
AT0460,S0026,SCR004,2026-06-27,True,4.0
AT0461,S0185,PYT003,2026-04-25,True,0.0
AT0462,S0116,PYT004,2026-04-18,True,0.0
AT0463,S0087,WEB002,2026-04-11,False,
AT0464,S0107,SCR004,2026-02-28,True,2.0
AT0465,S0110,EVT001,2026-01-24,True,28.0
AT0466,S0096,PYT001,2026-05-16,True,4.0
AT0467,S0018,SCR003,2025-11-01,True,6.0
AT0468,S0024,WEB001,2025-11-08,True,11.0
AT0469,S0191,EVT002,2025-11-22,True,1.0
AT0470,S0143,SCR002,2026-07-04,True,3.0
AT0471,S0144,EVT001,2025-11-22,True,0.0
AT0472,S0106,EVT002,2026-04-25,True,3.0
AT0473,S0185,SCR002,2026-02-14,True,2.0
AT0474,S0154,PYT006,2026-03-14,True,4.0
AT0475,S0027,CPP002,2026-06-06,,1.0
AT0476,S0055,PYT001,2026-05-23,False,
AT0477,S0058,SCR004,2026-03-14,False,
AT0478,S0143,EVT002,2025-11-15,True,1.0
AT0479,S0196,PYT005,2026-01-10,True,2.0
AT0480,S0110,CPP001,2026-06-27,True,0.0
AT0481,S0007,CPP003,2026-01-31,True,5.0
AT0482,S0008,PYT002,2026-02-07,True,1.0
AT0483,S0180,PYT006,2026-03-07,True,5.0
AT0484,S0090,SCR001,2025-12-20,True,0.0
AT0485,S0037,CPP002,2026-04-11,True,0.0
AT0486,S0018,PYT001,2025-10-04,True,1.0
AT0487,S0024,APP002,2026-01-03,True,1.0
AT0488,S0097,WEB001,2026-05-09,True,9.0
AT0489,S0088,PYT002,2026-03-28,True,2.0
AT0490,S0080,EVT001,2025-11-01,True,1.0
AT0491,S0014,PYT001,2025-12-06,True,11.0
AT0492,S0194,CPP003,2025-10-11,True,0.0
AT0493,S0173,SCR003,2026-02-07,True,0.0
AT0494,S0114,WEB001,2026-05-23,True,4.0
AT0495,S0156,WEB002,2026-04-18,True,11.0
AT0496,S0070,PYT003,2026-06-06,True,2.0
AT0497,S0030,EVT002,2026-04-25,True,2.0
AT0498,S0029,PYT006,2026-05-23,True,1.0
AT0499,S0135,PYT006,2025-10-11,True,2.0
AT0500,S0057,EVT003,2025-10-18,True,120.0
AT0501,S0002,PYT003,2026-02-21,True,14.0
AT0502,S0055,PYT001,2026-01-24,True,0.0
AT0503,S0075,EVT001,2025-11-15,False,
AT0504,S0002,APP001,2026-04-25,True,11.0
AT0505,S0045,PYT001,2026-03-28,True,2.0
AT0506,S0137,PYT004,2026-05-30,True,1.0
AT0507,S0144,EVT002,2025-10-25,True,5.0
AT0508,S0102,SCR002,2026-05-02,True,0.0
AT0509,S0005,WEB002,2025-10-25,True,20.0
AT0510,S0081,CPP002,2026-04-25,True,0.0
AT0511,S0147,EVT003,2026-04-18,True,0.0
AT0512,S0075,SCR004,2026-04-11,False,
AT0513,S0006,EVT001,2025-12-13,True,4.0
AT0514,S0159,WEB002,2026-03-21,True,4.0
AT0515,S0023,WEB001,2025-11-08,True,8.0
AT0516,S0063,WEB001,2026-04-11,True,0.0
AT0517,S0135,SCR003,2026-04-11,True,11.0
AT0518,S0080,EVT001,2026-01-10,False,
AT0519,S0086,PYT002,2025-10-25,True,4.0
AT0520,S0131,SCR004,2026-06-13,True,0.0
AT0521,S0131,PYT003,2026-03-14,False,
AT0522,S0090,PYT001,2026-01-17,True,2.0
AT0523,S0027,PYT001,2026-01-24,True,0.0
AT0524,S0051,PYT002,2025-12-06,True,6.0
AT0525,S0195,SCR003,2025-12-20,True,4.0
AT0526,S0198,APP001,2026-05-16,True,2.0
AT0527,S0194,CPP002,2026-05-02,True,2.0
AT0528,S0175,CPP002,2026-02-28,True,1.0
AT0529,S0161,EVT001,2025-12-06,True,3.0
AT0530,S0113,SCR003,2026-05-16,True,13.0
AT0531,S0114,PYT006,2026-02-07,True,1.0
AT0532,S0152,SCR002,2026-03-14,True,1.0
AT0533,S0130,SCR003,2026-02-21,True,0.0
AT0534,S0119,WEB002,2025-10-04,True,4.0
AT0535,S0015,EVT002,2026-02-14,True,7.0
AT0536,S0020,SCR003,2026-06-06,True,0.0
AT0537,S0099,WEB002,2026-06-27,True,3.0
AT0538,S0190,SCR002,2026-05-09,True,2.0
AT0539,S0147,PYT003,2026-02-28,True,8.0
AT0540,S0155,APP001,2026-05-30,True,5.0
AT0541,S0039,SCR002,2026-05-09,True,4.0
AT0542,S0027,EVT001,2025-11-01,True,0.0
AT0543,S0130,PYT002,2025-10-11,False,
AT0544,S0064,WEB002,2026-05-02,True,15.0
AT0545,S0135,APP002,2025-12-06,True,1.0
AT0546,S0094,EVT002,2026-02-07,True,10.0
AT0547,S0100,WEB001,2026-03-07,True,8.0
AT0548,S0174,CPP003,2025-10-11,True,5.0
AT0549,S0162,EVT001,2025-10-18,True,1.0
AT0550,S0085,SCR004,2026-06-27,True,1.0
AT0551,S0174,EVT003,2026-02-07,False,
AT0552,S0065,CPP003,2025-12-06,False,
AT0553,S0086,SCR003,2025-11-29,True,6.0
AT0554,S0090,PYT006,2026-04-04,False,
AT0555,S0034,CPP003,2025-11-01,True,4.0
AT0556,S0080,CPP001,2026-03-28,False,
AT0557,S0165,EVT001,2025-11-22,True,5.0
AT0558,S0172,APP002,2025-11-01,True,12.0
AT0559,S0166,WEB001,2026-06-06,False,
AT0560,S0093,SCR001,2026-03-21,False,
AT0561,S0080,PYT002,2026-01-03,True,9.0
AT0562,S0088,APP001,2025-12-27,True,1.0
AT0563,S0058,PYT001,2025-12-06,True,0.0
AT0564,S0020,PYT006,2025-11-08,True,1.0
AT0565,S0130,CPP001,2026-06-13,True,0.0
AT0566,S0010,EVT001,2025-11-22,True,2.0
AT0567,S0153,EVT003,2025-12-06,True,0.0
AT0568,S0042,PYT002,2025-12-13,True,3.0
AT0569,S0185,WEB002,2025-10-11,True,1.0
AT0570,S0106,EVT002,2026-01-17,True,10.0
AT0571,S0114,CPP003,2026-02-07,True,1.0
AT0572,S0193,WEB002,2026-01-17,True,10.0
AT0573,S0137,PYT004,2026-02-21,True,10.0
AT0574,S0001,APP001,2025-12-27,True,13.0
AT0575,S0095,CPP002,2026-05-02,True,30.0
AT0576,S0119,PYT006,2026-04-04,True,7.0
AT0577,S0129,APP002,2026-04-18,True,3.0
AT0578,S0042,PYT003,2025-11-29,True,10.0
AT0579,S0065,SCR002,2026-05-23,False,
AT0580,S0096,CPP001,2025-11-08,True,2.0
AT0581,S0183,APP002,2025-11-22,True,6.0
AT0582,S0073,SCR003,2025-12-06,True,0.0
AT0583,S0070,WEB002,2026-06-06,True,1.0
AT0584,S0038,WEB001,2025-11-01,True,1.0
AT0585,S0057,WEB002,2026-03-14,True,0.0
AT0586,S0007,WEB001,2025-10-18,False,
AT0587,S0102,APP002,2026-03-28,True,2.0
AT0588,S0061,EVT003,2025-11-01,True,1.0
AT0589,S0096,PYT004,2025-10-04,False,
AT0590,S0082,SCR004,2026-03-07,True,0.0
AT0591,S0038,PYT001,2025-10-04,True,10.0
AT0592,S0074,APP001,2025-11-29,False,
AT0593,S0195,APP001,2026-05-02,True,4.0
AT0594,S0158,SCR001,2025-10-25,True,23.0
AT0595,S0005,PYT005,2026-01-03,True,14.0
AT0596,S0039,CPP001,2026-06-13,True,4.0
AT0597,S0109,SCR004,2026-02-14,True,1.0
AT0598,S0061,PYT006,2025-11-22,True,1.0
AT0599,S0013,PYT004,2026-04-18,True,7.0
AT0600,S0164,CPP003,2026-05-09,True,120.0
AT0601,S0017,SCR004,2026-05-30,False,
AT0602,S0153,CPP001,2025-09-27,False,
AT0603,S0162,APP002,2026-01-17,False,
AT0604,S0184,PYT001,2026-02-14,False,
AT0605,S0110,SCR001,2026-03-14,True,2.0
AT0606,S0062,CPP002,2026-04-18,True,5.0
AT0607,S0048,SCR003,2026-06-13,True,8.0
AT0608,S0093,SCR003,2026-06-13,True,1.0
AT0609,S0140,APP002,2026-06-06,True,4.0
AT0610,S0142,SCR001,2026-04-04,True,0.0
AT0611,S0121,SCR002,2026-04-04,False,
AT0612,S0096,PYT005,2025-09-27,True,0.0
AT0613,S0092,SCR003,2026-03-14,False,
AT0614,S0062,SCR004,2026-03-07,False,
AT0615,S0035,SCR002,2026-03-14,False,
AT0616,S0140,EVT001,2025-12-13,True,5.0
AT0617,S0200,WEB002,2026-05-23,True,0.0
AT0618,S0162,PYT002,2025-11-29,True,2.0
AT0619,S0017,WEB002,2025-10-04,True,6.0
AT0620,S0076,PYT003,2025-10-11,True,0.0
AT0621,S0052,SCR002,2026-02-28,True,5.0
AT0622,S0080,APP002,2026-04-11,True,9.0
AT0623,S0140,APP001,2026-01-24,True,3.0
AT0624,S0010,PYT003,2026-02-14,True,8.0
AT0625,S0092,SCR002,2026-03-07,True,5.0
AT0626,S0070,SCR004,2026-03-28,True,1.0
AT0627,S0112,EVT003,2026-05-02,False,
AT0628,S0099,EVT001,2025-12-20,True,5.0
AT0629,S0128,APP001,2026-03-28,False,
AT0630,S0133,PYT005,2025-11-01,False,
AT0631,S0187,WEB001,2025-10-25,True,9.0
AT0632,S0111,CPP003,2025-12-20,True,5.0
AT0633,S0140,PYT006,2026-02-28,True,6.0
AT0634,S0027,SCR003,2026-03-07,True,10.0
AT0635,S0170,PYT006,2026-02-21,False,
AT0636,S0115,CPP003,2026-04-25,True,8.0
AT0637,S0043,WEB002,2026-03-14,True,2.0
AT0638,S0115,SCR002,2026-03-14,True,0.0
AT0639,S0158,WEB001,2026-02-07,True,8.0
AT0640,S0164,SCR002,2025-10-25,True,0.0
AT0641,S0172,EVT003,2026-03-21,True,4.0
AT0642,S0132,PYT002,2025-10-04,False,
AT0643,S0037,CPP003,2026-05-02,True,1.0
AT0644,S0009,PYT001,2025-10-25,True,3.0
AT0645,S0061,EVT002,2026-03-21,True,0.0
AT0646,S0099,CPP002,2025-10-04,True,3.0
AT0647,S0155,PYT001,2026-05-09,False,
AT0648,S0095,EVT002,2026-05-02,True,5.0
AT0649,S0196,SCR003,2025-11-29,False,
AT0650,S0136,EVT002,2026-04-11,True,13.0
AT0651,S0081,PYT005,2026-01-24,True,0.0
AT0652,S0030,SCR001,2025-12-20,True,6.0
AT0653,S0128,APP002,2026-04-04,True,4.0
AT0654,S0144,SCR004,2026-01-31,True,4.0
AT0655,S0199,PYT005,2026-05-02,True,10.0
AT0656,S0055,CPP003,2026-02-14,False,
AT0657,S0178,APP001,2025-12-27,False,
AT0658,S0032,PYT001,2025-10-25,True,0.0
AT0659,S0116,PYT002,2026-05-02,True,0.0
AT0660,S0023,EVT001,2026-03-14,True,1.0
AT0661,S0182,SCR003,2026-06-27,True,7.0
AT0662,S0139,PYT006,2026-02-21,True,2.0
AT0663,S0041,PYT002,2026-03-21,True,29.0
AT0664,S0131,PYT004,2025-11-22,True,3.0
AT0665,S0052,PYT001,2026-01-17,True,7.0
AT0666,S0127,SCR001,2026-03-21,True,1.0
AT0667,S0142,CPP002,2026-03-28,True,5.0
AT0668,S0120,CPP001,2025-11-22,True,1.0
AT0669,S0157,SCR003,2025-10-18,False,
AT0670,S0080,EVT003,2026-05-23,True,2.0
AT0671,S0135,WEB001,2026-04-18,False,
AT0672,S0148,SCR003,2025-11-22,True,5.0
AT0673,S0082,SCR003,2026-05-09,True,1.0
AT0674,S0120,APP002,2026-03-14,False,
AT0675,S0033,CPP001,2025-12-20,True,11.0
AT0676,S0197,PYT001,2026-04-25,True,1.0
AT0677,S0129,SCR002,2025-11-22,True,5.0
AT0678,S0133,PYT001,2026-02-21,True,9.0
AT0679,S0043,PYT002,2026-02-28,True,17.0
AT0680,S0182,PYT004,2026-03-14,True,10.0
AT0681,S0133,PYT006,2025-10-25,True,7.0
AT0682,S0065,PYT003,2026-06-27,True,7.0
AT0683,S0071,PYT001,2026-02-21,True,0.0
AT0684,S0158,CPP001,2025-11-01,True,12.0
AT0685,S0129,PYT002,2025-12-06,True,7.0
AT0686,S0044,CPP003,2026-03-07,True,0.0
AT0687,S0145,SCR002,2025-10-04,True,5.0
AT0688,S0021,SCR002,2026-01-31,True,1.0
AT0689,S0167,PYT003,2026-04-18,True,0.0
AT0690,S0159,SCR001,2026-05-30,True,1.0
AT0691,S0161,CPP001,2026-02-14,True,1.0
AT0692,S0165,PYT006,2026-05-23,True,0.0
AT0693,S0063,EVT003,2026-02-14,True,2.0
AT0694,S0117,SCR003,2025-10-18,True,4.0
AT0695,S0041,WEB002,2026-04-18,True,5.0
AT0696,S0124,WEB002,2026-01-03,False,
AT0697,S0088,CPP003,2025-11-29,True,0.0
AT0698,S0081,EVT001,2026-03-14,True,0.0
AT0699,S0103,PYT001,2026-03-28,True,21.0
AT0700,S0132,CPP001,2025-11-08,True,120.0
AT0701,S0082,PYT004,2026-05-16,True,6.0
AT0702,S0032,PYT005,2026-05-09,True,0.0
AT0703,S0064,PYT001,2025-11-08,True,3.0
AT0704,S0013,PYT006,2026-04-04,True,2.0
AT0705,S0158,WEB001,2026-01-24,True,0.0
AT0706,S0041,EVT001,2026-02-28,True,0.0
AT0707,S0049,PYT002,2026-05-30,True,5.0
AT0708,S0132,WEB002,2026-05-30,True,1.0
AT0709,S0079,APP001,2025-09-27,True,0.0
AT0710,S0024,EVT003,2026-06-06,True,6.0
AT0711,S0118,PYT004,2026-01-03,True,13.0
AT0712,S0150,EVT002,2025-10-11,True,3.0
AT0713,S0013,PYT006,2026-05-30,True,10.0
AT0714,S0153,APP001,2026-02-14,True,8.0
AT0715,S0138,SCR001,2025-11-15,True,8.0
AT0716,S0111,PYT001,2026-01-31,True,11.0
AT0717,S0187,EVT002,2026-04-11,True,8.0
AT0718,S0094,SCR002,2026-04-11,True,5.0
AT0719,S0014,CPP002,2026-07-04,True,6.0
AT0720,S0050,EVT002,2026-06-27,True,0.0
AT0721,S0074,SCR003,2026-04-04,True,0.0
AT0722,S0130,WEB002,2026-06-27,False,
AT0723,S0072,CPP003,2025-11-15,True,18.0
AT0724,S0033,SCR004,2026-04-04,True,1.0
AT0725,S0096,EVT001,2026-06-27,True,5.0
AT0726,S0094,PYT001,2025-12-27,True,4.0
AT0727,S0155,APP002,2026-04-11,True,1.0
AT0728,S0129,SCR002,2025-10-11,False,
AT0729,S0010,PYT001,2026-03-07,False,
AT0730,S0122,APP002,2026-05-09,True,1.0
AT0731,S0039,CPP003,2026-06-06,True,0.0
AT0732,S0036,EVT001,2026-02-28,True,1.0
AT0733,S0042,EVT003,2026-02-21,True,10.0
AT0734,S0152,EVT001,2026-06-06,True,6.0
AT0735,S0131,CPP001,2026-05-23,True,2.0
AT0736,S0182,CPP002,2026-02-21,True,21.0
AT0737,S0122,SCR001,2026-03-28,True,10.0
AT0738,S0085,SCR004,2026-04-18,True,2.0
AT0739,S0150,PYT006,2025-10-04,True,3.0
AT0740,S0153,APP001,2026-01-31,False,
AT0741,S0168,CPP002,2026-01-10,False,
AT0742,S0185,SCR002,2026-05-23,True,1.0
AT0743,S0044,APP002,2026-03-28,True,12.0
AT0744,S0038,PYT004,2025-10-04,True,4.0
AT0745,S0147,SCR004,2025-12-27,True,6.0
AT0746,S0005,WEB002,2026-02-28,True,6.0
AT0747,S0108,PYT001,2026-04-18,False,
AT0748,S0177,PYT003,2026-04-18,True,1.0
AT0749,S0129,CPP003,2026-05-16,False,
AT0750,S0189,SCR002,2025-11-29,True,9.0
AT0751,S0133,PYT003,2026-07-04,True,1.0
AT0752,S0084,APP001,2026-06-13,False,
AT0753,S0097,EVT001,2025-12-13,True,3.0
AT0754,S0118,CPP001,2026-03-14,True,4.0
AT0755,S0140,EVT002,2026-01-31,True,2.0
AT0756,S0157,APP001,2025-12-27,False,
AT0757,S0064,PYT005,2026-06-27,True,5.0
AT0758,S0077,PYT004,2026-02-14,True,7.0
AT0759,S0198,PYT006,2026-01-03,True,17.0
AT0760,S0177,APP001,2026-02-28,True,1.0
AT0761,S0123,EVT002,2026-07-04,True,0.0
AT0762,S0185,PYT005,2026-02-14,True,2.0
AT0763,S0032,CPP002,2026-06-20,True,2.0
AT0764,S0098,EVT003,2026-03-14,True,4.0
AT0765,S0198,PYT001,2026-02-14,True,0.0
AT0766,S0011,PYT006,2025-10-25,True,0.0
AT0767,S0089,WEB002,2026-01-24,True,5.0
AT0768,S0192,APP001,2026-01-03,True,9.0
AT0769,S0052,CPP001,2026-01-31,True,4.0
AT0770,S0144,PYT005,2025-11-29,False,
AT0771,S0028,CPP003,2026-01-17,True,0.0
AT0772,S0063,SCR002,2026-06-13,True,0.0
AT0773,S0058,PYT004,2025-10-11,True,13.0
AT0774,S0026,WEB001,2026-03-07,True,0.0
AT0775,S0184,APP001,2025-11-08,True,13.0
AT0776,S0175,PYT001,2025-09-20,True,3.0
AT0777,S0141,PYT002,2026-04-11,True,0.0
AT0778,S0168,APP001,2026-05-23,False,
AT0779,S0167,PYT003,2026-02-14,False,
AT0780,S0083,PYT006,2025-10-18,True,15.0
AT0781,S0197,SCR003,2026-01-17,True,10.0
AT0782,S0137,SCR002,2025-12-13,True,3.0
AT0783,S0107,PYT002,2025-10-04,True,5.0
AT0784,S0102,APP001,2025-12-20,True,0.0
AT0785,S0192,PYT006,2025-10-04,True,6.0
AT0786,S0003,PYT006,2025-11-08,True,5.0
AT0787,S0086,PYT006,2026-05-09,False,
AT0788,S0165,CPP001,2026-06-13,True,5.0
AT0789,S0127,PYT001,2026-06-06,True,10.0
AT0790,S0120,PYT005,2025-12-27,True,5.0
AT0791,S0029,EVT001,2025-12-13,,14.0
AT0792,S0188,WEB002,2026-01-24,True,3.0
AT0793,S0184,PYT002,2025-09-27,True,10.0
AT0794,S0189,EVT001,2026-02-14,True,0.0
AT0795,S0146,PYT003,2025-12-13,False,
AT0796,S0157,EVT003,2026-04-25,True,5.0
AT0797,S0132,EVT001,2025-11-01,True,5.0
AT0798,S0103,SCR004,2025-12-20,True,5.0
AT0799,S0036,APP001,2026-02-28,True,5.0
AT0800,S0064,SCR001,2026-01-31,False,
AT0801,S0099,PYT004,2026-05-02,True,18.0
AT0802,S0193,PYT005,2026-03-07,True,10.0
AT0803,S0078,CPP002,2025-09-20,True,4.0
AT0804,S0067,EVT002,2026-01-17,True,10.0
AT0805,S0016,SCR004,2026-05-16,True,1.0
AT0806,S0079,PYT002,2026-04-11,True,8.0
AT0807,S0176,APP002,2026-02-21,True,7.0
AT0808,S0177,SCR004,2026-02-14,True,8.0
AT0809,S0095,CPP003,2026-01-10,True,3.0
AT0810,S0057,PYT001,2026-05-23,True,1.0
AT0811,S0040,WEB002,2026-03-28,True,2.0
AT0812,S0107,CPP001,2026-05-16,True,2.0
AT0813,S0194,CPP001,2026-01-10,True,1.0
AT0814,S0196,PYT004,2025-11-01,True,1.0
AT0815,S0135,WEB002,2026-06-13,True,4.0
AT0816,S0181,EVT002,2025-10-25,True,4.0
AT0817,S0145,SCR004,2025-10-18,True,2.0
AT0818,S0141,APP002,2025-12-27,False,
AT0819,S0147,CPP001,2025-12-06,True,3.0
AT0820,S0043,EVT001,2026-06-13,True,2.0
AT0821,S0114,SCR004,2026-01-03,True,2.0
AT0822,S0184,CPP002,2026-05-23,True,3.0
AT0823,S0024,APP002,2026-05-02,True,7.0
AT0824,S0015,WEB002,2025-11-22,True,6.0
AT0825,S0132,WEB001,2026-05-09,False,
AT0826,S0145,SCR002,2026-07-04,True,1.0
AT0827,S0119,PYT006,2025-09-27,True,5.0
AT0828,S0102,PYT005,2025-09-20,False,
AT0829,S0191,PYT003,2025-10-25,True,13.0
AT0830,S0012,WEB001,2026-03-14,True,13.0
AT0831,S0180,SCR003,2026-06-20,True,0.0
AT0832,S0016,SCR003,2026-05-16,True,1.0
AT0833,S0009,PYT006,2026-04-18,True,1.0
AT0834,S0047,PYT001,2026-04-18,True,3.0
AT0835,S0096,EVT003,2026-05-02,True,4.0
AT0836,S0097,EVT003,2025-11-01,True,1.0
AT0837,S0175,CPP001,2025-11-22,True,0.0
AT0838,S0168,EVT002,2025-11-15,True,5.0
AT0839,S0046,CPP001,2026-04-04,True,3.0
AT0840,S0136,PYT001,2026-01-10,True,0.0
AT0841,S0001,SCR001,2026-02-14,True,1.0
AT0842,S0119,CPP001,2026-04-25,False,
AT0843,S0137,EVT003,2026-01-10,True,8.0
AT0844,S0064,WEB002,2026-03-14,True,0.0
AT0845,S0040,PYT005,2025-12-20,True,15.0
AT0846,S0186,SCR004,2025-10-04,True,8.0
AT0847,S0170,WEB001,2025-09-27,False,
AT0848,S0062,PYT003,2025-10-25,True,1.0
AT0849,S0026,CPP003,2025-10-04,True,2.0
AT0850,S0115,CPP003,2025-10-11,True,11.0
AT0851,S0063,SCR002,2026-04-11,True,1.0
AT0852,S0113,PYT004,2026-06-20,True,1.0
AT0853,S0056,SCR002,2025-11-29,True,2.0
AT0854,S0129,PYT006,2026-01-17,True,0.0
AT0855,S0188,CPP002,2026-02-28,True,3.0
AT0856,S0148,CPP003,2026-02-28,True,0.0
AT0857,S0061,PYT006,2025-11-29,True,9.0
AT0858,S0170,APP002,2026-01-10,True,0.0
AT0859,S0106,PYT006,2026-02-07,True,5.0
AT0860,S0016,CPP001,2025-12-13,True,3.0
AT0861,S0161,WEB001,2026-06-27,True,2.0
AT0862,S0127,SCR002,2026-03-14,True,3.0
AT0863,S0165,EVT003,2026-06-13,False,
AT0864,S0082,WEB001,2026-04-18,True,5.0
AT0865,S0039,PYT006,2026-03-28,True,2.0
AT0866,S0048,CPP001,2026-05-16,True,5.0
AT0867,S0062,PYT004,2026-02-21,False,
AT0868,S0182,PYT001,2026-05-16,True,0.0
AT0869,S0015,CPP001,2026-04-18,True,4.0
AT0870,S0107,CPP001,2026-06-13,True,0.0
AT0871,S0035,EVT003,2026-01-17,True,11.0
AT0872,S0066,PYT003,2026-03-07,True,1.0
AT0873,S0166,SCR003,2026-05-09,True,2.0
AT0874,S0095,SCR003,2026-06-20,True,3.0
AT0875,S0186,PYT003,2025-10-11,True,8.0
AT0876,S0069,EVT003,2025-10-11,True,3.0
AT0877,S0019,PYT003,2026-07-04,False,
AT0878,S0056,APP001,2026-01-03,True,3.0
AT0879,S0086,PYT006,2025-09-27,True,2.0
AT0880,S0055,PYT003,2025-11-15,True,25.0
AT0881,S0192,APP001,2026-01-17,True,4.0
AT0882,S0179,CPP003,2026-01-03,True,3.0
AT0883,S0102,PYT004,2026-06-27,True,4.0
AT0884,S0083,PYT006,2026-03-28,False,
AT0885,S0120,CPP001,2026-03-21,True,5.0
AT0886,S0079,PYT005,2026-03-21,True,3.0
AT0887,S0132,APP001,2026-05-16,True,2.0
AT0888,S0026,APP001,2026-02-28,True,2.0
AT0889,S0053,EVT002,2026-02-28,True,7.0
AT0890,S0106,SCR002,2026-07-04,False,
AT0891,S0057,PYT001,2025-09-27,True,2.0
AT0892,S0067,CPP001,2026-04-18,True,24.0
AT0893,S0076,PYT001,2025-12-27,False,
AT0894,S0085,PYT004,2026-03-28,True,9.0
AT0895,S0146,PYT004,2026-05-30,True,4.0
AT0896,S0141,EVT001,2026-01-24,True,7.0
AT0897,S0196,APP001,2026-05-30,True,8.0
AT0898,S0118,PYT002,2026-03-14,True,6.0
AT0899,S0044,PYT001,2026-06-27,True,1.0
AT0900,S0126,PYT002,2026-06-20,True,120.0
AT0901,S0165,SCR002,2026-06-13,True,13.0
AT0902,S0009,SCR003,2025-10-11,True,1.0
AT0903,S0196,SCR001,2026-04-18,True,2.0
AT0904,S0036,PYT004,2025-10-25,True,3.0
AT0905,S0182,PYT001,2025-09-20,False,
AT0906,S0056,APP002,2026-05-09,True,24.0
AT0907,S0096,SCR002,2026-05-23,False,
AT0908,S0169,APP001,2025-09-27,True,13.0
AT0909,S0002,CPP001,2026-06-27,True,8.0
AT0910,S0106,SCR001,2025-09-27,True,10.0
AT0911,S0136,PYT005,2026-06-20,False,
AT0912,S0074,SCR001,2026-05-30,True,7.0
AT0913,S0179,WEB001,2025-12-20,True,0.0
AT0914,S0028,SCR004,2026-06-13,True,0.0
AT0915,S0039,PYT004,2025-12-27,True,2.0
AT0916,S0159,APP002,2026-01-24,False,
AT0917,S0091,PYT005,2026-04-11,True,8.0
AT0918,S0021,EVT002,2026-04-11,True,9.0
AT0919,S0118,CPP002,2026-01-17,False,
AT0920,S0179,PYT004,2026-02-21,True,4.0
AT0921,S0176,SCR003,2025-10-04,True,0.0
AT0922,S0024,EVT003,2026-03-28,True,2.0
AT0923,S0097,CPP001,2026-05-16,True,2.0
AT0924,S0015,SCR001,2025-12-13,True,0.0
AT0925,S0022,APP001,2026-04-25,True,16.0
AT0926,S0166,EVT001,2025-11-08,True,16.0
AT0927,S0136,SCR002,2026-01-10,True,1.0
AT0928,S0055,CPP002,2026-05-16,True,2.0
AT0929,S0070,SCR002,2025-10-25,True,5.0
AT0930,S0176,PYT005,2026-06-20,True,4.0
AT0931,S0145,SCR002,2025-12-20,True,0.0
AT0932,S0081,SCR001,2026-01-03,True,7.0
AT0933,S0151,PYT001,2026-04-11,True,0.0
AT0934,S0020,PYT006,2025-12-13,False,
AT0935,S0145,PYT004,2026-04-04,True,5.0
AT0936,S0174,CPP001,2026-03-07,False,
AT0937,S0099,PYT001,2025-10-25,True,0.0
AT0938,S0129,EVT002,2025-10-18,True,1.0
AT0939,S0026,WEB001,2026-01-17,True,5.0
AT0940,S0020,EVT001,2026-04-11,True,3.0
AT0941,S0199,EVT001,2025-10-04,False,
AT0942,S0163,PYT005,2026-05-09,True,4.0
AT0943,S0126,PYT004,2026-03-21,True,4.0
AT0944,S0142,EVT003,2026-04-25,True,2.0
AT0945,S0048,CPP002,2026-03-28,True,10.0
AT0946,S0022,CPP003,2026-02-14,True,1.0
AT0947,S0064,SCR003,2025-11-01,True,2.0
AT0948,S0069,PYT001,2026-03-28,True,6.0
AT0949,S0183,PYT001,2026-04-04,True,0.0
AT0950,S0082,EVT002,2025-11-08,True,3.0
AT0951,S0024,SCR001,2026-02-21,True,1.0
AT0952,S0114,EVT002,2026-01-31,True,0.0
AT0953,S0027,PYT001,2025-11-01,True,1.0
AT0954,S0048,WEB001,2026-05-02,True,1.0
AT0955,S0143,CPP001,2026-06-06,False,
AT0956,S0105,SCR004,2025-10-04,True,16.0
AT0957,S0023,EVT002,2026-06-27,True,0.0
AT0958,S0024,CPP003,2026-02-28,True,3.0
AT0959,S0099,SCR001,2026-02-14,True,0.0
AT0960,S0106,EVT003,2025-11-01,True,0.0
AT0961,S0186,CPP001,2026-01-17,True,6.0
AT0962,S0147,APP002,2025-12-13,True,2.0
AT0963,S0176,EVT003,2025-12-13,True,3.0
AT0964,S0036,PYT005,2026-02-21,True,11.0
AT0965,S0069,APP001,2025-11-29,False,
AT0966,S0017,PYT002,2026-04-25,True,1.0
AT0967,S0071,WEB001,2026-02-21,True,2.0
AT0968,S0124,SCR003,2026-03-21,True,9.0
AT0969,S0065,PYT004,2026-05-30,True,11.0
AT0970,S0153,CPP003,2025-12-27,True,5.0
AT0971,S0118,SCR004,2025-11-29,True,11.0
AT0972,S0078,SCR001,2026-04-11,True,4.0
AT0973,S0086,CPP003,2026-03-28,True,3.0
AT0974,S0085,WEB002,2026-03-07,True,6.0
AT0975,S0111,CPP003,2025-11-29,True,5.0
AT0976,S0077,EVT001,2025-12-27,True,0.0
AT0977,S0123,EVT001,2025-12-20,True,0.0
AT0978,S0102,EVT001,2026-02-14,True,0.0
AT0979,S0189,APP001,2026-01-17,False,
AT0980,S0084,EVT003,2026-02-07,True,2.0
AT0981,S0101,EVT002,2025-11-15,True,2.0
AT0982,S0145,PYT003,2026-06-27,True,5.0
AT0983,S0047,CPP001,2025-10-04,True,0.0
AT0984,S0187,WEB002,2026-01-03,True,5.0
AT0985,S0113,PYT006,2025-10-25,True,1.0
AT0986,S0105,APP001,2025-11-29,True,0.0
AT0987,S0163,PYT006,2026-01-17,False,
AT0988,S0065,PYT001,2026-04-25,True,7.0
AT0989,S0097,SCR003,2026-05-02,True,2.0
AT0990,S0154,APP001,2026-04-11,True,0.0
AT0991,S0137,APP002,2026-04-18,True,7.0
AT0992,S0140,SCR002,2026-03-21,True,3.0
AT0993,S0180,CPP001,2025-11-01,True,17.0
AT0994,S0028,PYT004,2026-03-21,True,1.0
AT0995,S0043,CPP003,2025-10-11,False,
AT0996,S0145,EVT003,2026-03-07,True,4.0
AT0997,S0111,SCR004,2025-09-20,True,8.0
AT0998,S0026,PYT005,2026-01-10,True,0.0
AT0999,S0131,APP002,2026-06-27,True,13.0
AT1000,S0149,CPP002,2026-01-10,True,120.0
