record_id,student_id,course_id,lesson_id,lesson_date,duration_minutes,completion_status,score,code_lines,error_count
LR00001,S0072,PYT006,3,2026-02-13,20,已完成,80.0,26,3.0
LR00002,S0152,EVT002,9,2026-01-21,45,进行中,,30,1.0
LR00003,S0148,WEB001,12,2025-11-27,60,已完成,54.0,36,0.0
LR00004,S0017,SCR001,1,2025-10-04,90,已完成,30.0,27,0.0
LR00005,S0062,CPP003,9,2025-11-12,50,未完成,,24,1.0
LR00006,S0102,PYT002,4,2026-05-16,75,已完成,68.0,30,2.0
LR00007,S0115,PYT006,12,2026-04-10,45,进行中,,31,1.0
LR00008,S0094,APP002,13,2026-01-20,55,未完成,,39,4.0
LR00009,S0051,CPP001,9,2026-04-05,55,已完成,87.0,27,8.0
LR00010,S0050,PYT003,9,2025-10-31,35,进行中,,32,8.0
LR00011,S0120,CPP003,14,2025-11-01,85,已完成,70.0,28,3.0
LR00012,S0121,SCR002,9,2026-05-31,50,已完成,69.0,30,1.0
LR00013,S0136,PYT006,2,2025-09-13,65,已完成,76.0,32,2.0
LR00014,S0112,PYT002,15,2025-10-27,90,已完成,82.0,31,0.0
LR00015,S0154,WEB002,10,2026-03-28,15,已完成,91.0,35,4.0
LR00016,S0103,CPP003,18,2026-01-24,30,已完成,90.0,31,2.0
LR00017,S0066,PYT006,6,2026-01-12,65,未完成,,25,1.0
LR00018,S0085,WEB002,18,2025-12-25,35,已完成,77.0,32,8.0
LR00019,S0110,PYT002,13,2025-11-06,55,已完成,58.0,25,0.0
LR00020,S0031,EVT003,16,2026-01-31,70,已完成,95.0,32,0.0
LR00021,S0162,SCR004,12,2025-09-29,30,未完成,,29,0.0
LR00022,S0107,SCR002,10,2026-05-16,25,已完成,82.0,28,10.0
LR00023,S0068,CPP001,8,2026-02-19,20,已完成,83.0,35,10.0
LR00024,S0078,CPP003,7,2026-04-09,65,进行中,,24,2.0
LR00025,S0118,CPP002,15,2025-12-27,30,未完成,,30,2.0
LR00026,S0183,EVT002,11,2026-05-16,15,已完成,78.0,28,1.0
LR00027,S0178,EVT003,15,2025-11-01,45,已完成,50.0,29,2.0
LR00028,S0018,WEB002,4,2025-11-26,40,已完成,68.0,27,1.0
LR00029,S0145,PYT003,11,2026-01-10,75,已完成,70.0,32,3.0
LR00030,S0191,EVT001,2,2025-11-19,85,未完成,,37,3.0
LR00031,S0176,SCR004,1,2025-09-30,25,已完成,85.0,26,2.0
LR00032,S0158,SCR002,23,2026-01-10,65,已完成,64.0,30,0.0
LR00033,S0023,SCR003,2,2025-10-11,50,未完成,,33,3.0
LR00034,S0078,CPP003,5,2026-01-03,80,已完成,71.0,34,4.0
LR00035,S0159,PYT004,8,2026-02-07,55,进行中,,33,4.0
LR00036,S0167,CPP001,5,2026-01-18,25,已完成,100.0,23,3.0
LR00037,S0012,SCR003,5,2025-09-28,35,进行中,,37,5.0
LR00038,S0058,SCR004,8,2026-05-03,25,已完成,61.0,26,2.0
LR00039,S0010,EVT002,14,2025-11-04,30,进行中,,22,1.0
LR00040,S0076,EVT003,12,2026-02-01,85,已完成,70.0,28,0.0
LR00041,S0177,SCR004,9,2025-10-21,70,已完成,44.0,22,0.0
LR00042,S0097,EVT003,13,2026-01-17,45,已完成,78.0,30,0.0
LR00043,S0111,APP001,9,2025-11-29,25,未完成,,37,2.0
LR00044,S0001,WEB002,8,2025-10-04,85,已完成,89.0,36,1.0
LR00045,S0050,PYT005,5,2026-05-02,20,未完成,,31,1.0
LR00046,S0177,PYT001,5,2026-01-22,20,已完成,79.0,36,11.0
LR00047,S0144,CPP002,12,2026-05-21,35,已完成,86.0,31,2.0
LR00048,S0197,WEB002,2,2026-03-07,80,已完成,85.0,36,0.0
LR00049,S0044,WEB002,1,2026-05-01,30,已完成,85.0,26,0.0
LR00050,S0017,PYT002,8,2026-03-26,55,未完成,,31,0.0
LR00051,S0135,WEB002,15,2025-11-08,30,已完成,43.0,25,1.0
LR00052,S0049,APP002,6,2026-03-21,75,已完成,100.0,30,0.0
LR00053,S0037,WEB002,13,2026-03-25,40,进行中,,30,4.0
LR00054,S0043,SCR001,11,2025-11-09,90,已完成,87.0,32,2.0
LR00055,S0039,PYT005,15,2025-12-13,15,已完成,88.0,30,
LR00056,S0189,SCR004,3,2026-02-24,40,已完成,85.0,34,5.0
LR00057,S0062,CPP002,7,2026-01-27,65,已完成,88.0,34,3.0
LR00058,S0057,SCR004,2,2026-04-18,80,已完成,82.0,34,7.0
LR00059,S0138,EVT003,11,2025-11-25,25,进行中,,29,8.0
LR00060,S0010,PYT004,5,2026-03-15,80,进行中,,28,1.0
LR00061,S0144,PYT004,9,2025-10-18,55,进行中,,27,0.0
LR00062,S0075,WEB002,23,2026-04-02,35,已完成,72.0,37,7.0
LR00063,S0176,EVT003,7,2026-01-12,75,已完成,82.0,28,4.0
LR00064,S0060,EVT003,15,2025-11-25,60,已完成,69.0,43,3.0
LR00065,S0001,PYT003,13,2026-01-01,80,未完成,,28,0.0
LR00066,S0042,PYT002,1,2026-01-31,85,已完成,46.0,27,2.0
LR00067,S0142,PYT003,6,2026-05-21,70,已完成,73.0,24,1.0
LR00068,S0010,SCR001,8,2026-05-09,70,已完成,81.0,39,0.0
LR00069,S0150,PYT004,9,2026-04-14,55,已完成,73.0,34,3.0
LR00070,S0037,APP002,11,2026-01-16,65,已完成,42.0,27,2.0
LR00071,S0132,EVT002,5,2025-12-27,50,已完成,41.0,27,0.0
LR00072,S0017,WEB002,11,2026-01-20,50,已完成,68.0,35,2.0
LR00073,S0046,SCR002,10,2025-10-18,65,已完成,74.0,28,1.0
LR00074,S0163,PYT005,5,2026-04-27,50,已完成,74.0,28,0.0
LR00075,S0140,CPP002,13,2025-09-11,300,进行中,,33,0.0
LR00076,S0001,APP002,12,2025-12-13,40,进行中,,32,1.0
LR00077,S0055,APP001,18,2026-04-25,50,已完成,69.0,31,4.0
LR00078,S0143,EVT001,15,2025-10-26,65,进行中,,32,0.0
LR00079,S0039,WEB002,15,2026-03-08,40,进行中,,30,0.0
LR00080,S0060,PYT001,9,2025-10-27,55,已完成,82.0,28,0.0
LR00081,S0049,WEB001,8,2026-06-01,70,已完成,73.0,21,2.0
LR00082,S0139,EVT003,10,2026-02-10,65,已完成,87.0,28,4.0
LR00083,S0142,SCR004,1,2025-09-27,45,已完成,96.0,23,10.0
LR00084,S0093,PYT005,1,2025-12-09,25,已完成,65.0,25,2.0
LR00085,S0165,CPP002,20,2025-12-31,80,未完成,,25,0.0
LR00086,S0064,CPP001,12,2026-02-01,30,已完成,82.0,35,1.0
LR00087,S0127,CPP002,9,2026-04-27,75,未完成,,33,4.0
LR00088,S0067,PYT002,1,2025-09-20,85,已完成,56.0,28,1.0
LR00089,S0123,APP002,2,2026-05-15,60,进行中,,24,5.0
LR00090,S0194,CPP001,6,2025-09-24,35,已完成,79.0,-5,1.0
LR00091,S0081,CPP002,16,2025-12-20,90,已完成,66.0,33,1.0
LR00092,S0122,EVT001,7,2025-12-14,70,已完成,62.0,29,0.0
LR00093,S0076,EVT003,11,2026-03-24,20,已完成,86.0,24,0.0
LR00094,S0100,CPP001,2,2025-12-08,40,未完成,,33,3.0
LR00095,S0148,CPP003,12,2026-01-06,30,已完成,66.0,34,1.0
LR00096,S0015,APP002,20,2026-01-24,15,已完成,89.0,37,4.0
LR00097,S0197,SCR002,3,2025-09-14,30,已完成,94.0,30,7.0
LR00098,S0137,PYT003,24,2025-11-29,90,已完成,88.0,34,8.0
LR00099,S0040,PYT005,8,2025-10-11,45,未完成,,33,0.0
LR00100,S0196,PYT001,9,2025-11-10,35,未完成,,34,0.0
LR00101,S0065,PYT005,8,2025-11-20,90,已完成,79.0,28,2.0
LR00102,S0096,SCR003,5,2026-05-16,90,已完成,72.0,30,4.0
LR00103,S0001,EVT003,4,2026-05-13,70,已完成,86.0,25,0.0
LR00104,S0078,PYT005,5,2025-10-18,40,已完成,62.0,40,1.0
LR00105,S0154,PYT006,7,2026-03-21,75,已完成,86.0,28,0.0
LR00106,S0054,PYT005,10,2026-01-21,40,进行中,,31,3.0
LR00107,S0154,PYT006,5,2025-10-28,55,已完成,57.0,37,0.0
LR00108,S0195,PYT006,4,2026-02-18,65,未完成,,38,0.0
LR00109,S0057,CPP001,13,2025-12-29,85,已完成,54.0,27,0.0
LR00110,S0178,EVT003,8,2026-04-25,70,已完成,80.0,31,
LR00111,S0120,EVT002,14,2025-12-17,90,已完成,53.0,32,1.0
LR00112,S0011,CPP002,10,2026-05-24,20,已完成,88.0,24,1.0
LR00113,S0036,WEB002,7,2025-11-17,50,已完成,72.0,42,4.0
LR00114,S0126,PYT001,11,2026-01-07,25,未完成,,28,4.0
LR00115,S0060,SCR002,3,2025-11-27,40,已完成,80.0,30,4.0
LR00116,S0146,PYT006,12,2026-04-14,15,已完成,72.0,28,3.0
LR00117,S0109,SCR001,10,2025-11-27,75,已完成,54.0,31,3.0
LR00118,S0006,CPP001,6,2025-11-30,50,已完成,86.0,33,0.0
LR00119,S0145,CPP003,15,2026-02-16,50,已完成,90.0,38,1.0
LR00120,S0141,PYT003,5,2026-03-14,75,未完成,,23,0.0
LR00121,S0111,WEB001,5,2026-05-20,90,已完成,69.0,28,1.0
LR00122,S0042,EVT003,12,2025-11-02,70,进行中,,31,5.0
LR00123,S0001,EVT002,7,2026-03-19,85,已完成,59.0,30,0.0
LR00124,S0117,PYT005,16,2026-06-01,70,已完成,92.0,27,0.0
LR00125,S0162,PYT001,13,2026-03-11,35,已完成,55.0,27,4.0
LR00126,S0017,PYT006,18,2025-11-28,80,已完成,90.0,31,1.0
LR00127,S0189,PYT003,15,2025-12-31,30,已完成,73.0,27,1.0
LR00128,S0131,WEB002,15,2026-02-10,35,已完成,65.0,36,0.0
LR00129,S0151,PYT006,13,2026-02-01,75,已完成,50.0,24,3.0
LR00130,S0197,PYT006,2,2026-02-01,50,已完成,62.0,22,6.0
LR00131,S0153,CPP001,11,2026-02-03,25,已完成,52.0,26,4.0
LR00132,S0027,PYT006,9,2026-05-16,45,已完成,78.0,42,1.0
LR00133,S0118,PYT001,6,2026-05-11,55,未完成,,38,0.0
LR00134,S0162,SCR003,1,2026-01-11,50,已完成,83.0,48,3.0
LR00135,S0184,PYT001,9,2025-11-20,15,已完成,56.0,32,0.0
LR00136,S0083,PYT002,7,2025-11-21,35,已完成,59.0,31,1.0
LR00137,S0182,PYT005,24,2026-03-06,70,已完成,55.0,20,6.0
LR00138,S0138,EVT003,9,2026-01-03,30,已完成,59.0,23,1.0
LR00139,S0085,PYT006,7,2025-12-24,30,进行中,,29,0.0
LR00140,S0143,SCR002,12,2026-01-01,15,未完成,,30,0.0
LR00141,S0006,PYT001,3,2026-05-21,25,已完成,97.0,35,1.0
LR00142,S0015,SCR004,11,2026-04-04,30,已完成,53.0,35,0.0
LR00143,S0078,PYT004,11,2026-01-30,65,已完成,87.0,26,0.0
LR00144,S0100,SCR003,21,2026-05-18,30,已完成,68.0,27,1.0
LR00145,S0161,SCR004,3,2026-01-30,55,未完成,,36,0.0
LR00146,S0090,APP002,12,2026-04-18,40,进行中,,34,2.0
LR00147,S0094,CPP002,11,2026-02-28,45,已完成,81.0,23,1.0
LR00148,S0043,WEB001,4,2026-05-24,15,已完成,63.0,23,0.0
LR00149,S0093,PYT004,5,2025-12-06,40,已完成,58.0,25,1.0
LR00150,S0139,SCR004,11,2026-02-25,480,已完成,82.0,28,2.0
LR00151,S0103,SCR004,2,2026-03-08,60,已完成,52.0,30,0.0
LR00152,S0189,SCR004,23,2026-05-09,50,未完成,,21,4.0
LR00153,S0169,SCR002,1,2025-11-21,25,进行中,,25,2.0
LR00154,S0095,EVT002,1,2025-11-21,85,已完成,76.0,30,1.0
LR00155,S0037,APP001,2,2025-12-14,15,已完成,71.0,34,0.0
LR00156,S0001,WEB002,16,2025-11-11,20,已完成,71.0,31,2.0
LR00157,S0134,PYT005,1,2025-10-11,35,已完成,74.0,28,0.0
LR00158,S0044,CPP001,24,2025-10-14,20,已完成,46.0,26,5.0
LR00159,S0031,SCR004,13,2025-10-27,60,已完成,52.0,27,0.0
LR00160,S0027,WEB002,10,2026-01-05,80,已完成,75.0,34,0.0
LR00161,S0156,SCR004,11,2026-05-23,85,已完成,71.0,24,8.0
LR00162,S0181,EVT001,1,2026-04-20,80,进行中,,35,1.0
LR00163,S0116,APP001,11,2025-10-24,45,已完成,95.0,29,1.0
LR00164,S0029,APP001,11,2026-04-09,55,进行中,,36,2.0
LR00165,S0156,PYT006,5,2025-11-29,20,已完成,92.0,39,
LR00166,S0167,SCR004,9,2025-10-05,15,已完成,76.0,37,0.0
LR00167,S0181,SCR002,13,2026-04-11,75,已完成,78.0,24,1.0
LR00168,S0025,EVT003,3,2026-04-13,25,已完成,67.0,36,1.0
LR00169,S0098,PYT003,12,2026-03-03,35,未完成,,23,3.0
LR00170,S0092,PYT006,6,2026-02-02,35,已完成,59.0,45,1.0
LR00171,S0108,PYT006,10,2026-04-15,30,已完成,53.0,31,3.0
LR00172,S0130,EVT003,8,2026-03-08,50,未完成,,29,0.0
LR00173,S0021,APP002,8,2026-03-28,20,进行中,,32,4.0
LR00174,S0024,APP002,5,2025-11-29,40,未完成,,25,2.0
LR00175,S0167,PYT004,10,2026-03-11,65,已完成,98.0,33,3.0
LR00176,S0101,CPP003,4,2025-12-06,25,已完成,57.0,28,4.0
LR00177,S0181,EVT001,6,2025-09-20,55,已完成,75.0,28,6.0
LR00178,S0022,EVT002,19,2025-10-11,70,已完成,95.0,31,1.0
LR00179,S0177,CPP003,5,2025-11-15,20,未完成,,30,6.0
LR00180,S0103,WEB001,8,2025-11-29,80,已完成,110.0,-5,0.0
LR00181,S0094,SCR004,2,2026-02-28,55,未完成,,36,2.0
LR00182,S0033,SCR001,11,2025-12-30,75,已完成,77.0,22,0.0
LR00183,S0082,PYT006,12,2025-09-29,20,进行中,,28,0.0
LR00184,S0182,PYT003,15,2026-03-02,50,未完成,,40,7.0
LR00185,S0059,PYT006,7,2025-10-04,80,未完成,,38,4.0
LR00186,S0082,PYT002,5,2026-03-29,50,已完成,54.0,29,3.0
LR00187,S0200,PYT002,12,2026-05-06,65,已完成,81.0,35,0.0
LR00188,S0035,SCR003,6,2025-10-27,25,进行中,,26,1.0
LR00189,S0001,SCR001,10,2025-12-19,40,已完成,82.0,31,0.0
LR00190,S0058,EVT002,15,2026-05-23,90,已完成,54.0,25,4.0
LR00191,S0080,SCR002,2,2026-02-26,65,未完成,,31,13.0
LR00192,S0055,APP001,19,2026-03-21,15,已完成,80.0,36,1.0
LR00193,S0118,APP002,10,2026-03-22,50,已完成,83.0,20,3.0
LR00194,S0189,APP002,7,2025-10-27,70,已完成,78.0,28,4.0
LR00195,S0111,CPP002,9,2025-11-02,25,已完成,83.0,29,0.0
LR00196,S0051,CPP002,2,2026-05-10,20,已完成,50.0,35,1.0
LR00197,S0173,APP001,10,2026-03-16,55,已完成,89.0,34,14.0
LR00198,S0104,EVT003,12,2025-10-11,40,进行中,,28,2.0
LR00199,S0019,APP002,6,2026-03-14,45,未完成,,33,1.0
LR00200,S0004,WEB002,1,2025-09-20,40,进行中,,30,1.0
LR00201,S0145,SCR001,19,2026-04-03,80,已完成,72.0,25,2.0
LR00202,S0130,CPP001,15,2025-12-26,45,未完成,,20,0.0
LR00203,S0095,WEB001,8,2025-10-11,60,已完成,86.0,30,9.0
LR00204,S0082,CPP003,8,2025-11-15,15,已完成,70.0,26,0.0
LR00205,S0165,EVT001,8,2025-10-25,45,已完成,83.0,37,11.0
LR00206,S0054,PYT006,7,2025-11-02,35,未完成,,31,6.0
LR00207,S0195,SCR002,2,2026-04-18,85,进行中,,24,9.0
LR00208,S0111,EVT002,2,2025-11-15,50,已完成,44.0,38,2.0
LR00209,S0090,EVT003,16,2026-03-21,15,已完成,73.0,28,5.0
LR00210,S0096,WEB002,18,2026-05-25,75,已完成,66.0,34,8.0
LR00211,S0130,APP002,22,2025-09-13,70,已完成,63.0,26,1.0
LR00212,S0173,WEB001,2,2026-03-09,50,进行中,,33,0.0
LR00213,S0171,PYT001,2,2025-11-27,80,已完成,79.0,25,0.0
LR00214,S0068,APP002,10,2026-03-28,65,未完成,,23,0.0
LR00215,S0185,PYT004,11,2025-11-10,70,已完成,74.0,23,1.0
LR00216,S0106,SCR002,2,2026-05-24,50,已完成,77.0,22,10.0
LR00217,S0009,APP001,12,2025-12-06,25,已完成,72.0,30,5.0
LR00218,S0028,SCR004,9,2026-05-30,75,已完成,78.0,28,1.0
LR00219,S0100,CPP001,10,2026-03-04,45,未完成,,33,9.0
LR00220,S0097,PYT004,5,2025-11-08,20,已完成,77.0,39,
LR00221,S0009,EVT003,3,2025-11-08,15,已完成,78.0,26,0.0
LR00222,S0150,WEB001,10,2026-03-26,20,未完成,,34,0.0
LR00223,S0093,SCR002,3,2025-10-25,15,未完成,,37,2.0
LR00224,S0174,CPP001,15,2025-10-11,50,未完成,,27,1.0
LR00225,S0163,PYT005,4,2025-10-31,600,已完成,82.0,21,0.0
LR00226,S0183,PYT004,4,2026-03-10,65,未完成,,24,0.0
LR00227,S0003,PYT003,1,2026-02-22,50,未完成,,32,1.0
LR00228,S0056,PYT005,1,2026-01-19,45,已完成,92.0,30,1.0
LR00229,S0059,PYT001,18,2026-03-17,75,已完成,100.0,33,4.0
LR00230,S0041,WEB001,2,2025-12-01,90,已完成,53.0,30,2.0
LR00231,S0106,SCR001,16,2025-11-29,15,已完成,72.0,29,1.0
LR00232,S0177,PYT006,7,2026-02-23,30,已完成,69.0,36,1.0
LR00233,S0098,WEB001,10,2026-03-28,20,已完成,91.0,31,1.0
LR00234,S0087,APP001,13,2025-09-15,70,未完成,,27,3.0
LR00235,S0144,CPP003,16,2025-10-17,40,已完成,75.0,39,3.0
LR00236,S0132,PYT002,15,2026-03-30,45,已完成,84.0,39,0.0
LR00237,S0069,PYT003,4,2026-03-12,15,已完成,68.0,33,3.0
LR00238,S0007,WEB001,9,2025-11-14,25,已完成,51.0,30,0.0
LR00239,S0119,EVT003,15,2026-04-27,50,未完成,,20,1.0
LR00240,S0091,EVT002,5,2026-04-21,25,已完成,110.0,30,2.0
LR00241,S0057,SCR001,11,2026-04-19,40,已完成,85.0,34,2.0
LR00242,S0090,SCR001,15,2026-05-05,15,已完成,48.0,18,1.0
LR00243,S0184,WEB002,16,2025-11-09,75,未完成,,32,7.0
LR00244,S0023,PYT004,15,2026-01-09,35,已完成,78.0,28,0.0
LR00245,S0191,PYT001,16,2025-10-03,70,已完成,99.0,35,2.0
LR00246,S0161,PYT001,11,2025-09-27,40,已完成,73.0,27,2.0
LR00247,S0136,PYT005,12,2025-10-26,20,已完成,83.0,28,0.0
LR00248,S0172,EVT002,6,2025-11-12,40,已完成,65.0,28,3.0
LR00249,S0132,CPP002,11,2025-11-01,60,已完成,88.0,29,0.0
LR00250,S0115,SCR004,7,2026-01-11,20,已完成,69.0,36,0.0
LR00251,S0093,APP002,16,2026-01-12,15,已完成,57.0,31,1.0
LR00252,S0175,PYT002,2,2026-02-21,25,已完成,92.0,39,0.0
LR00253,S0074,PYT004,4,2026-05-18,55,进行中,,35,5.0
LR00254,S0193,EVT003,15,2026-04-25,80,已完成,45.0,27,0.0
LR00255,S0130,APP001,15,2026-01-17,50,已完成,73.0,22,1.0
LR00256,S0145,WEB002,4,2026-01-31,90,已完成,84.0,24,0.0
LR00257,S0155,CPP001,13,2026-05-02,65,已完成,53.0,31,5.0
LR00258,S0040,EVT001,16,2025-12-04,50,已完成,60.0,33,0.0
LR00259,S0043,APP002,15,2025-12-26,40,已完成,94.0,27,2.0
LR00260,S0196,SCR002,10,2026-01-13,15,进行中,,30,3.0
LR00261,S0100,CPP002,16,2026-03-27,70,已完成,100.0,28,0.0
LR00262,S0063,PYT001,8,2025-10-31,60,已完成,74.0,31,3.0
LR00263,S0138,SCR001,4,2025-12-06,20,已完成,77.0,33,6.0
LR00264,S0140,SCR004,8,2025-12-29,50,已完成,82.0,31,4.0
LR00265,S0125,PYT005,16,2026-04-30,20,已完成,78.0,33,0.0
LR00266,S0087,EVT002,18,2026-02-12,30,已完成,51.0,28,4.0
LR00267,S0012,APP001,9,2025-10-25,65,已完成,79.0,22,1.0
LR00268,S0188,PYT001,10,2026-03-21,65,未完成,,22,1.0
LR00269,S0041,APP001,9,2026-03-27,85,未完成,,29,1.0
LR00270,S0074,CPP001,3,2025-12-27,50,已完成,66.0,-5,6.0
LR00271,S0198,APP002,11,2025-11-30,65,已完成,83.0,32,2.0
LR00272,S0001,PYT001,4,2026-02-12,80,已完成,81.0,35,0.0
LR00273,S0001,PYT004,18,2026-02-28,40,未完成,,22,4.0
LR00274,S0046,EVT003,11,2026-04-30,15,已完成,79.0,31,0.0
LR00275,S0197,WEB002,16,2026-02-08,85,已完成,80.0,28,
LR00276,S0137,PYT002,22,2026-02-14,75,已完成,90.0,38,5.0
LR00277,S0128,WEB002,1,2026-04-20,75,已完成,65.0,30,0.0
LR00278,S0147,APP001,10,2025-11-09,55,已完成,56.0,28,9.0
LR00279,S0160,CPP002,5,2026-04-09,40,进行中,,37,2.0
LR00280,S0038,EVT002,11,2026-03-29,25,未完成,,30,3.0
LR00281,S0181,SCR002,2,2026-05-02,45,已完成,68.0,26,1.0
LR00282,S0147,EVT003,16,2025-10-05,25,已完成,56.0,22,1.0
LR00283,S0095,PYT005,10,2025-10-05,70,已完成,55.0,32,5.0
LR00284,S0131,WEB002,13,2025-11-02,75,已完成,80.0,27,0.0
LR00285,S0036,PYT005,5,2025-11-29,85,未完成,,27,0.0
LR00286,S0069,WEB002,4,2025-10-21,35,已完成,64.0,27,1.0
LR00287,S0185,PYT003,6,2025-12-13,20,未完成,,28,5.0
LR00288,S0079,WEB002,3,2025-12-06,80,已完成,82.0,34,16.0
LR00289,S0027,PYT005,1,2026-04-11,75,已完成,74.0,34,4.0
LR00290,S0046,PYT006,12,2026-03-07,20,进行中,,39,0.0
LR00291,S0189,SCR001,12,2026-04-25,35,已完成,91.0,33,6.0
LR00292,S0133,PYT001,17,2026-01-03,30,未完成,,25,3.0
LR00293,S0076,APP001,15,2026-02-08,55,已完成,67.0,24,10.0
LR00294,S0186,EVT001,4,2025-12-06,50,已完成,93.0,27,2.0
LR00295,S0034,CPP003,15,2025-12-04,70,已完成,84.0,30,1.0
LR00296,S0083,PYT002,6,2026-05-29,30,已完成,89.0,40,0.0
LR00297,S0164,SCR002,7,2026-05-05,60,已完成,89.0,34,1.0
LR00298,S0188,SCR002,14,2025-12-16,65,已完成,62.0,32,1.0
LR00299,S0075,APP001,10,2026-01-31,20,已完成,94.0,32,0.0
LR00300,S0123,PYT006,6,2026-02-15,600,已完成,120.0,31,2.0
LR00301,S0188,APP001,11,2025-10-07,60,进行中,,28,2.0
LR00302,S0153,EVT003,14,2025-10-02,80,未完成,,33,0.0
LR00303,S0139,APP001,12,2026-04-04,85,已完成,59.0,27,0.0
LR00304,S0018,PYT004,7,2026-01-31,40,未完成,,27,5.0
LR00305,S0084,CPP002,4,2025-10-25,85,已完成,88.0,21,1.0
LR00306,S0171,PYT002,18,2026-03-07,85,进行中,,44,0.0
LR00307,S0032,WEB001,22,2026-05-09,90,已完成,77.0,18,3.0
LR00308,S0174,SCR004,5,2025-12-27,75,已完成,95.0,50,0.0
LR00309,S0107,PYT005,13,2025-12-13,55,已完成,70.0,28,0.0
LR00310,S0109,PYT003,16,2026-04-20,60,已完成,91.0,23,1.0
LR00311,S0186,PYT001,10,2025-12-13,20,已完成,80.0,29,4.0
LR00312,S0165,SCR002,22,2026-05-21,35,未完成,,31,1.0
LR00313,S0036,PYT001,11,2025-11-12,85,已完成,81.0,23,1.0
LR00314,S0044,WEB001,1,2026-04-25,15,未完成,,32,2.0
LR00315,S0167,APP002,4,2025-11-01,65,进行中,,21,1.0
LR00316,S0143,PYT003,8,2026-01-03,60,已完成,72.0,38,1.0
LR00317,S0092,CPP001,4,2025-12-20,30,已完成,53.0,33,1.0
LR00318,S0139,SCR004,1,2026-04-14,40,已完成,95.0,27,13.0
LR00319,S0011,PYT006,4,2026-04-01,75,已完成,79.0,30,7.0
LR00320,S0174,SCR002,7,2025-12-02,30,已完成,64.0,30,1.0
LR00321,S0181,PYT002,4,2025-11-07,50,已完成,93.0,26,0.0
LR00322,S0134,SCR002,3,2025-10-22,20,已完成,77.0,35,4.0
LR00323,S0032,APP001,2,2026-03-14,90,已完成,95.0,27,0.0
LR00324,S0015,PYT001,12,2026-04-28,35,已完成,65.0,36,8.0
LR00325,S0029,PYT006,10,2025-10-11,25,已完成,43.0,34,1.0
LR00326,S0097,PYT004,6,2026-03-14,65,已完成,46.0,29,6.0
LR00327,S0196,CPP001,2,2026-04-06,65,已完成,80.0,35,9.0
LR00328,S0183,EVT002,4,2026-04-15,25,已完成,86.0,29,4.0
LR00329,S0148,SCR002,15,2026-05-29,30,未完成,,30,0.0
LR00330,S0143,APP001,3,2026-04-04,25,已完成,68.0,19,
LR00331,S0185,SCR001,12,2025-12-27,60,已完成,86.0,21,0.0
LR00332,S0152,WEB001,4,2025-10-12,50,已完成,94.0,25,3.0
LR00333,S0161,CPP003,7,2026-02-14,45,已完成,86.0,23,2.0
LR00334,S0124,PYT002,1,2026-04-09,55,未完成,,49,10.0
LR00335,S0104,CPP001,9,2026-02-10,85,已完成,62.0,36,4.0
LR00336,S0021,WEB001,10,2026-03-07,15,未完成,,29,6.0
LR00337,S0067,EVT001,15,2025-12-14,30,未完成,,32,5.0
LR00338,S0086,PYT004,1,2025-12-24,50,未完成,,26,0.0
LR00339,S0007,CPP003,3,2026-05-09,35,已完成,66.0,31,7.0
LR00340,S0101,PYT006,21,2025-11-29,70,未完成,,26,6.0
LR00341,S0177,EVT002,21,2025-11-08,40,进行中,,33,2.0
LR00342,S0144,CPP003,16,2026-04-12,25,已完成,78.0,32,1.0
LR00343,S0114,APP001,9,2025-12-01,50,已完成,61.0,32,1.0
LR00344,S0038,WEB001,10,2026-03-14,20,未完成,,26,1.0
LR00345,S0048,PYT004,3,2025-12-12,70,已完成,73.0,33,0.0
LR00346,S0084,WEB002,15,2026-03-13,40,已完成,59.0,22,1.0
LR00347,S0160,APP001,7,2026-05-20,50,已完成,85.0,24,6.0
LR00348,S0081,WEB001,3,2026-04-11,45,进行中,,40,2.0
LR00349,S0122,PYT004,16,2025-09-20,45,已完成,95.0,41,1.0
LR00350,S0116,CPP002,3,2025-12-13,45,已完成,63.0,33,1.0
LR00351,S0065,CPP002,15,2026-04-09,75,已完成,77.0,32,1.0
LR00352,S0037,PYT005,4,2025-11-16,30,已完成,76.0,27,4.0
LR00353,S0043,WEB002,13,2026-05-24,15,已完成,100.0,31,5.0
LR00354,S0119,PYT003,18,2025-09-27,90,未完成,,31,2.0
LR00355,S0001,SCR003,7,2025-11-21,80,未完成,,25,7.0
LR00356,S0049,PYT003,19,2025-12-26,45,已完成,96.0,33,0.0
LR00357,S0025,CPP002,4,2026-05-25,70,进行中,,27,1.0
LR00358,S0157,SCR003,2,2025-12-02,50,未完成,,26,1.0
LR00359,S0071,PYT004,8,2026-02-23,50,已完成,73.0,24,2.0
LR00360,S0198,SCR002,20,2025-12-11,45,已完成,110.0,-5,2.0
LR00361,S0056,PYT005,4,2025-11-13,40,已完成,47.0,41,0.0
LR00362,S0133,CPP003,12,2026-03-11,65,已完成,100.0,29,0.0
LR00363,S0095,PYT006,22,2025-12-08,45,已完成,68.0,35,2.0
LR00364,S0052,SCR004,6,2026-04-07,45,已完成,100.0,33,3.0
LR00365,S0147,PYT005,7,2026-05-23,70,未完成,,24,1.0
LR00366,S0004,APP001,4,2026-03-07,40,已完成,55.0,37,2.0
LR00367,S0053,PYT004,4,2025-12-13,80,未完成,,31,6.0
LR00368,S0044,CPP002,7,2025-12-05,35,已完成,72.0,29,0.0
LR00369,S0058,APP001,18,2025-10-25,85,未完成,,28,2.0
LR00370,S0039,CPP003,10,2026-02-19,15,已完成,66.0,37,0.0
LR00371,S0096,EVT001,2,2026-02-22,15,已完成,76.0,34,0.0
LR00372,S0121,SCR002,15,2026-03-13,90,已完成,57.0,35,0.0
LR00373,S0050,SCR001,13,2026-05-23,85,已完成,76.0,34,2.0
LR00374,S0121,WEB001,2,2026-01-02,60,已完成,100.0,34,5.0
LR00375,S0105,EVT003,1,2025-09-13,300,已完成,77.0,33,2.0
LR00376,S0115,SCR003,9,2025-10-11,45,进行中,,19,3.0
LR00377,S0150,APP002,14,2025-12-14,50,未完成,,30,15.0
LR00378,S0188,PYT006,5,2025-12-16,65,未完成,,30,0.0
LR00379,S0133,PYT001,6,2025-12-20,60,已完成,100.0,26,1.0
LR00380,S0136,PYT002,6,2026-01-12,90,已完成,87.0,25,0.0
LR00381,S0152,PYT005,8,2026-01-06,80,已完成,53.0,36,2.0
LR00382,S0024,SCR003,12,2026-05-28,70,进行中,,33,1.0
LR00383,S0165,SCR002,4,2026-02-17,50,已完成,98.0,29,14.0
LR00384,S0057,PYT006,12,2026-01-05,70,已完成,100.0,23,2.0
LR00385,S0022,CPP003,3,2025-11-24,80,已完成,64.0,19,
LR00386,S0130,CPP002,11,2025-10-26,15,已完成,78.0,39,15.0
LR00387,S0004,PYT001,22,2025-11-24,30,已完成,80.0,30,1.0
LR00388,S0154,PYT004,13,2025-11-08,40,已完成,73.0,22,0.0
LR00389,S0131,PYT004,4,2026-05-23,30,未完成,,40,1.0
LR00390,S0172,SCR003,11,2026-04-21,15,进行中,,37,3.0
LR00391,S0188,SCR001,9,2026-04-26,20,已完成,100.0,33,0.0
LR00392,S0184,SCR002,11,2026-01-18,35,已完成,74.0,30,0.0
LR00393,S0035,PYT004,15,2026-04-14,25,已完成,77.0,22,0.0
LR00394,S0078,WEB001,14,2026-01-10,80,已完成,78.0,36,2.0
LR00395,S0107,APP001,10,2026-01-25,70,已完成,53.0,34,1.0
LR00396,S0198,WEB001,7,2025-09-22,90,已完成,88.0,32,4.0
LR00397,S0110,WEB002,13,2025-12-18,65,未完成,,21,2.0
LR00398,S0071,EVT003,11,2025-10-04,70,已完成,87.0,27,3.0
LR00399,S0115,EVT003,2,2025-12-28,55,已完成,84.0,25,4.0
LR00400,S0034,PYT001,1,2026-02-20,45,已完成,64.0,33,2.0
LR00401,S0171,PYT006,11,2026-02-27,80,已完成,52.0,38,2.0
LR00402,S0068,PYT001,7,2026-02-28,15,已完成,60.0,33,3.0
LR00403,S0080,PYT001,3,2025-12-25,20,已完成,68.0,30,7.0
LR00404,S0054,WEB001,3,2026-05-02,25,已完成,69.0,39,4.0
LR00405,S0089,CPP003,9,2026-01-19,55,已完成,64.0,46,1.0
LR00406,S0187,PYT002,3,2025-12-25,55,已完成,85.0,28,2.0
LR00407,S0012,CPP001,11,2025-10-01,20,未完成,,32,2.0
LR00408,S0147,PYT004,13,2025-10-25,75,已完成,79.0,36,0.0
LR00409,S0031,PYT004,5,2026-02-15,80,已完成,63.0,33,0.0
LR00410,S0129,APP002,11,2026-04-15,30,未完成,,36,0.0
LR00411,S0196,PYT004,6,2026-03-28,65,已完成,75.0,32,0.0
LR00412,S0151,CPP002,4,2026-02-16,90,已完成,90.0,30,3.0
LR00413,S0166,CPP003,7,2026-04-27,35,已完成,97.0,28,3.0
LR00414,S0082,CPP001,9,2026-04-29,55,已完成,82.0,24,4.0
LR00415,S0049,PYT005,12,2025-09-14,35,未完成,,22,1.0
LR00416,S0147,SCR003,9,2025-10-02,65,已完成,60.0,42,1.0
LR00417,S0139,PYT003,17,2026-05-10,60,未完成,,39,1.0
LR00418,S0188,PYT004,1,2025-11-16,20,已完成,46.0,29,0.0
LR00419,S0136,PYT001,7,2025-11-11,40,未完成,,30,0.0
LR00420,S0081,PYT002,2,2025-11-15,70,已完成,110.0,28,0.0
LR00421,S0058,CPP003,17,2025-12-09,20,已完成,71.0,35,1.0
LR00422,S0177,PYT005,1,2026-03-12,35,已完成,70.0,28,3.0
LR00423,S0096,CPP001,5,2026-02-06,30,未完成,,30,8.0
LR00424,S0122,SCR001,16,2026-01-21,15,已完成,95.0,18,1.0
LR00425,S0125,PYT004,7,2025-11-07,35,进行中,,28,1.0
LR00426,S0180,CPP003,8,2026-02-08,80,未完成,,28,1.0
LR00427,S0146,PYT004,22,2025-09-14,30,未完成,,29,5.0
LR00428,S0052,PYT005,11,2025-10-19,80,已完成,62.0,30,1.0
LR00429,S0172,WEB001,5,2026-04-18,20,已完成,71.0,38,6.0
LR00430,S0075,PYT001,11,2026-03-01,15,未完成,,34,1.0
LR00431,S0055,CPP002,1,2025-11-09,85,已完成,66.0,27,0.0
LR00432,S0065,PYT006,2,2026-04-11,50,已完成,73.0,26,0.0
LR00433,S0169,PYT006,11,2025-10-25,15,已完成,89.0,29,2.0
LR00434,S0044,SCR004,15,2026-01-06,30,已完成,78.0,40,4.0
LR00435,S0047,SCR003,5,2026-05-18,90,已完成,66.0,28,2.0
LR00436,S0115,EVT003,9,2025-10-22,80,已完成,70.0,33,1.0
LR00437,S0023,SCR001,8,2026-05-01,55,已完成,70.0,31,1.0
LR00438,S0104,EVT002,12,2026-01-05,90,已完成,45.0,29,3.0
LR00439,S0091,APP001,8,2026-01-31,80,未完成,,34,2.0
LR00440,S0060,APP002,3,2026-01-25,35,已完成,88.0,30,
LR00441,S0095,EVT001,6,2026-05-01,40,未完成,,31,0.0
LR00442,S0083,PYT004,9,2025-11-22,45,已完成,84.0,33,2.0
LR00443,S0001,PYT004,5,2025-09-19,25,已完成,65.0,33,7.0
LR00444,S0114,EVT002,5,2026-01-21,75,已完成,64.0,30,0.0
LR00445,S0167,SCR001,11,2025-11-04,60,已完成,94.0,24,1.0
LR00446,S0025,CPP001,14,2025-12-27,85,进行中,,37,3.0
LR00447,S0111,EVT002,5,2026-02-14,50,已完成,100.0,28,9.0
LR00448,S0134,EVT001,5,2025-09-22,45,已完成,83.0,34,6.0
LR00449,S0127,APP001,15,2026-02-03,70,已完成,90.0,31,3.0
LR00450,S0175,SCR001,12,2026-04-18,600,已完成,58.0,-5,0.0
LR00451,S0189,EVT002,1,2025-12-20,30,未完成,,34,11.0
LR00452,S0079,SCR004,8,2026-04-04,55,已完成,69.0,25,2.0
LR00453,S0119,EVT003,11,2025-11-22,50,未完成,,29,0.0
LR00454,S0077,PYT003,4,2026-05-02,50,已完成,100.0,19,4.0
LR00455,S0158,APP002,8,2026-03-07,75,已完成,44.0,26,3.0
LR00456,S0137,PYT002,1,2026-03-23,30,未完成,,32,3.0
LR00457,S0048,PYT002,15,2026-03-27,75,未完成,,32,0.0
LR00458,S0071,PYT005,8,2025-12-12,60,进行中,,25,2.0
LR00459,S0178,CPP001,6,2026-03-18,65,未完成,,24,0.0
LR00460,S0084,PYT004,12,2025-12-30,60,已完成,82.0,29,0.0
LR00461,S0185,PYT005,15,2026-03-02,25,未完成,,32,0.0
LR00462,S0019,EVT001,1,2026-01-24,45,未完成,,33,0.0
LR00463,S0076,EVT002,6,2025-11-02,90,进行中,,25,2.0
LR00464,S0177,SCR001,13,2025-12-06,35,已完成,67.0,25,1.0
LR00465,S0095,PYT001,12,2026-03-21,45,已完成,53.0,31,4.0
LR00466,S0052,CPP003,6,2026-05-09,50,已完成,54.0,36,1.0
LR00467,S0068,PYT005,2,2026-01-31,25,已完成,77.0,22,1.0
LR00468,S0109,PYT001,13,2025-09-20,35,已完成,63.0,25,2.0
LR00469,S0125,PYT005,12,2025-12-13,35,已完成,71.0,31,1.0
LR00470,S0052,SCR002,8,2026-01-28,45,已完成,64.0,21,2.0
LR00471,S0144,EVT002,8,2025-10-29,35,已完成,96.0,35,0.0
LR00472,S0174,EVT002,20,2025-09-10,75,已完成,80.0,23,7.0
LR00473,S0049,SCR001,8,2025-09-20,60,进行中,,28,0.0
LR00474,S0081,CPP003,5,2026-03-01,90,未完成,,35,0.0
LR00475,S0129,CPP002,11,2025-11-20,35,进行中,,21,2.0
LR00476,S0104,PYT006,5,2026-03-21,60,已完成,65.0,38,0.0
LR00477,S0173,SCR002,5,2025-09-20,30,已完成,81.0,29,0.0
LR00478,S0019,SCR004,12,2025-11-15,45,已完成,53.0,25,1.0
LR00479,S0128,PYT004,9,2025-10-15,40,已完成,96.0,27,3.0
LR00480,S0017,SCR004,10,2025-12-30,80,已完成,110.0,23,1.0
LR00481,S0032,PYT006,11,2026-02-22,30,已完成,78.0,25,0.0
LR00482,S0028,WEB002,14,2026-01-06,70,未完成,,26,3.0
LR00483,S0097,APP002,15,2025-12-13,80,进行中,,34,0.0
LR00484,S0112,PYT002,8,2025-09-10,25,已完成,54.0,31,1.0
LR00485,S0083,WEB002,5,2026-02-07,50,已完成,86.0,24,5.0
LR00486,S0112,PYT003,11,2026-01-06,50,未完成,,26,1.0
LR00487,S0120,CPP003,6,2025-09-26,20,已完成,81.0,28,4.0
LR00488,S0134,PYT004,16,2026-03-29,35,进行中,,34,5.0
LR00489,S0144,PYT001,20,2025-09-27,40,已完成,58.0,28,1.0
LR00490,S0066,PYT004,4,2026-05-30,65,已完成,84.0,28,0.0
LR00491,S0074,WEB001,7,2025-11-12,25,已完成,70.0,24,4.0
LR00492,S0042,PYT005,10,2026-05-13,70,已完成,62.0,43,5.0
LR00493,S0047,PYT003,7,2026-05-30,45,已完成,52.0,27,3.0
LR00494,S0186,PYT003,8,2026-05-09,20,已完成,88.0,25,1.0
LR00495,S0197,PYT005,6,2026-01-20,20,进行中,,37,
LR00496,S0131,SCR001,20,2025-11-01,85,已完成,80.0,19,4.0
LR00497,S0159,EVT001,14,2025-11-19,90,未完成,,33,5.0
LR00498,S0010,APP002,11,2026-01-05,25,已完成,45.0,23,2.0
LR00499,S0028,SCR002,11,2025-09-14,85,已完成,62.0,32,0.0
LR00500,S0198,SCR001,4,2026-03-14,45,已完成,86.0,26,2.0
LR00501,S0092,CPP002,21,2025-09-13,80,已完成,74.0,36,0.0
LR00502,S0150,SCR002,12,2025-10-28,30,已完成,50.0,28,0.0
LR00503,S0018,SCR001,22,2026-01-21,50,已完成,62.0,34,3.0
LR00504,S0117,CPP001,7,2026-01-03,50,已完成,62.0,34,3.0
LR00505,S0113,PYT001,8,2025-12-16,80,已完成,64.0,20,10.0
LR00506,S0030,SCR002,1,2025-10-11,35,未完成,,27,2.0
LR00507,S0114,PYT005,3,2026-01-03,70,已完成,84.0,30,5.0
LR00508,S0081,PYT003,2,2026-03-09,90,已完成,79.0,26,2.0
LR00509,S0058,APP001,8,2025-09-29,90,已完成,83.0,18,8.0
LR00510,S0185,SCR002,10,2026-04-11,50,已完成,85.0,31,3.0
LR00511,S0053,PYT003,7,2025-11-19,55,未完成,,26,1.0
LR00512,S0191,CPP003,10,2026-02-27,90,未完成,,28,2.0
LR00513,S0165,SCR004,24,2026-01-29,85,已完成,62.0,28,2.0
LR00514,S0196,PYT002,18,2025-11-14,70,未完成,,38,1.0
LR00515,S0085,SCR002,1,2025-09-17,25,未完成,,29,6.0
LR00516,S0194,SCR002,13,2026-05-16,75,已完成,63.0,25,4.0
LR00517,S0034,CPP001,2,2025-10-24,80,已完成,75.0,28,1.0
LR00518,S0187,CPP001,6,2026-05-30,80,已完成,73.0,27,1.0
LR00519,S0063,WEB001,15,2026-04-04,65,已完成,69.0,27,1.0
LR00520,S0016,PYT004,19,2026-02-11,45,已完成,67.0,22,5.0
LR00521,S0119,SCR003,21,2026-04-01,40,已完成,71.0,33,0.0
LR00522,S0197,SCR004,12,2025-10-02,65,已完成,66.0,24,1.0
LR00523,S0191,PYT004,20,2025-10-23,75,未完成,,26,3.0
LR00524,S0146,SCR003,7,2025-10-18,75,已完成,85.0,30,0.0
LR00525,S0139,PYT005,9,2026-02-21,600,已完成,54.0,42,1.0
LR00526,S0040,CPP001,8,2025-10-10,20,已完成,75.0,32,2.0
LR00527,S0199,SCR003,11,2025-10-18,65,已完成,86.0,29,3.0
LR00528,S0055,PYT003,9,2026-02-09,55,未完成,,32,0.0
LR00529,S0127,PYT004,5,2026-05-23,45,已完成,100.0,29,2.0
LR00530,S0124,CPP002,1,2026-04-19,55,进行中,,32,0.0
LR00531,S0001,CPP001,3,2026-04-29,35,未完成,,34,1.0
LR00532,S0126,EVT001,5,2026-05-21,20,已完成,82.0,31,2.0
LR00533,S0044,PYT006,14,2025-11-13,60,已完成,63.0,27,6.0
LR00534,S0002,APP001,3,2026-01-11,65,已完成,100.0,39,3.0
LR00535,S0148,SCR001,1,2026-04-01,30,未完成,,31,1.0
LR00536,S0115,PYT001,3,2025-11-10,30,已完成,79.0,23,0.0
LR00537,S0041,SCR002,6,2026-05-05,40,已完成,81.0,31,2.0
LR00538,S0190,WEB002,15,2026-02-28,65,已完成,82.0,37,7.0
LR00539,S0142,SCR001,5,2025-11-01,70,已完成,92.0,23,3.0
LR00540,S0090,PYT004,4,2025-11-17,25,已完成,110.0,-5,0.0
LR00541,S0156,PYT003,5,2026-03-13,25,已完成,73.0,31,2.0
LR00542,S0124,CPP001,9,2026-03-06,70,进行中,,24,0.0
LR00543,S0018,CPP003,3,2025-10-16,85,已完成,55.0,27,8.0
LR00544,S0046,WEB001,10,2026-05-16,75,已完成,77.0,24,12.0
LR00545,S0118,PYT002,10,2026-01-23,90,进行中,,23,4.0
LR00546,S0035,WEB002,12,2025-12-07,15,已完成,75.0,31,10.0
LR00547,S0200,SCR002,1,2026-04-27,60,进行中,,31,1.0
LR00548,S0185,EVT002,2,2026-05-27,75,进行中,,27,0.0
LR00549,S0001,SCR002,16,2025-10-11,15,已完成,63.0,36,0.0
LR00550,S0053,SCR003,6,2026-04-04,15,已完成,82.0,43,
LR00551,S0185,WEB001,1,2025-12-20,50,已完成,79.0,33,3.0
LR00552,S0089,SCR001,4,2025-10-15,70,已完成,82.0,31,4.0
LR00553,S0108,PYT005,18,2026-01-03,25,已完成,71.0,30,1.0
LR00554,S0062,SCR002,20,2026-04-04,75,已完成,85.0,32,0.0
LR00555,S0125,SCR002,1,2025-11-09,25,已完成,97.0,34,7.0
LR00556,S0001,PYT003,18,2025-12-29,35,未完成,,31,5.0
LR00557,S0136,EVT002,9,2026-05-17,65,已完成,72.0,29,0.0
LR00558,S0104,PYT002,12,2026-03-28,50,已完成,73.0,26,3.0
LR00559,S0175,EVT003,12,2025-12-06,90,未完成,,29,4.0
LR00560,S0190,APP002,13,2026-02-18,65,已完成,85.0,42,11.0
LR00561,S0185,PYT004,9,2026-05-31,70,已完成,54.0,27,0.0
LR00562,S0158,SCR002,19,2026-01-24,55,未完成,,29,1.0
LR00563,S0054,PYT004,2,2026-02-20,80,已完成,65.0,35,4.0
LR00564,S0012,PYT005,11,2026-04-14,65,进行中,,33,5.0
LR00565,S0072,PYT001,1,2025-12-20,90,已完成,61.0,37,0.0
LR00566,S0156,WEB001,11,2026-05-08,30,已完成,99.0,16,0.0
LR00567,S0141,SCR002,18,2025-11-07,90,已完成,71.0,38,6.0
LR00568,S0007,SCR001,8,2025-11-09,15,已完成,44.0,30,1.0
LR00569,S0149,SCR004,6,2025-11-23,65,未完成,,36,3.0
LR00570,S0134,PYT005,6,2025-11-22,35,已完成,63.0,28,11.0
LR00571,S0009,SCR001,4,2025-11-07,15,已完成,83.0,45,10.0
LR00572,S0063,PYT002,13,2026-04-19,45,已完成,68.0,39,1.0
LR00573,S0073,APP001,1,2026-03-01,75,已完成,60.0,23,0.0
LR00574,S0040,CPP001,21,2025-10-18,40,已完成,58.0,30,3.0
LR00575,S0188,SCR004,5,2026-04-11,55,未完成,,27,10.0
LR00576,S0123,CPP001,6,2026-03-06,55,未完成,,23,3.0
LR00577,S0097,CPP003,9,2025-11-08,60,进行中,,28,5.0
LR00578,S0077,PYT003,10,2025-11-11,30,已完成,86.0,26,4.0
LR00579,S0057,PYT006,13,2026-01-28,55,已完成,54.0,31,0.0
LR00580,S0014,PYT001,6,2025-10-10,50,未完成,,32,2.0
LR00581,S0028,PYT006,8,2026-04-16,55,已完成,75.0,17,0.0
LR00582,S0112,PYT004,3,2026-03-14,80,已完成,77.0,26,1.0
LR00583,S0135,EVT002,18,2026-04-04,20,已完成,85.0,25,3.0
LR00584,S0108,APP002,13,2025-10-21,25,已完成,71.0,27,4.0
LR00585,S0109,WEB002,17,2025-11-22,85,已完成,94.0,21,10.0
LR00586,S0081,EVT001,4,2026-05-23,35,已完成,88.0,28,1.0
LR00587,S0013,CPP003,4,2025-09-13,65,未完成,,31,0.0
LR00588,S0175,APP002,22,2026-03-28,20,已完成,77.0,35,7.0
LR00589,S0030,WEB002,15,2026-04-13,55,已完成,92.0,25,1.0
LR00590,S0097,SCR004,6,2025-10-04,30,未完成,,27,7.0
LR00591,S0172,WEB001,10,2025-12-27,45,已完成,46.0,30,5.0
LR00592,S0020,CPP003,4,2025-12-06,45,已完成,79.0,28,0.0
LR00593,S0159,WEB002,1,2026-05-31,50,已完成,94.0,21,0.0
LR00594,S0057,WEB001,9,2026-02-28,90,已完成,84.0,30,0.0
LR00595,S0013,APP001,17,2025-12-06,70,已完成,96.0,29,0.0
LR00596,S0007,SCR001,1,2025-10-02,25,已完成,69.0,32,4.0
LR00597,S0031,SCR001,4,2025-09-17,30,未完成,,32,4.0
LR00598,S0143,PYT001,5,2025-09-13,20,已完成,41.0,29,0.0
LR00599,S0066,PYT005,6,2025-10-13,35,已完成,60.0,35,3.0
LR00600,S0199,CPP003,7,2026-04-26,600,已完成,120.0,31,0.0
LR00601,S0095,PYT002,7,2026-04-30,65,已完成,56.0,34,0.0
LR00602,S0091,SCR002,10,2025-10-18,15,进行中,,44,1.0
LR00603,S0177,PYT001,1,2025-09-20,80,已完成,63.0,31,5.0
LR00604,S0093,APP002,9,2026-03-19,75,未完成,,31,0.0
LR00605,S0006,APP002,1,2026-03-28,60,已完成,84.0,26,
LR00606,S0188,CPP001,10,2025-10-10,15,已完成,89.0,41,3.0
LR00607,S0001,CPP003,17,2025-12-14,20,进行中,,41,0.0
LR00608,S0073,WEB001,10,2025-10-28,85,未完成,,25,0.0
LR00609,S0028,SCR002,3,2026-01-04,30,已完成,100.0,29,2.0
LR00610,S0066,EVT003,11,2025-12-07,70,未完成,,20,1.0
LR00611,S0098,APP001,14,2026-04-10,15,已完成,72.0,21,3.0
LR00612,S0200,CPP002,9,2025-10-27,25,已完成,48.0,35,0.0
LR00613,S0144,PYT004,4,2026-04-22,20,未完成,,35,0.0
LR00614,S0116,PYT003,15,2025-12-03,15,未完成,,27,2.0
LR00615,S0042,APP002,16,2026-04-13,80,未完成,,30,0.0
LR00616,S0107,PYT005,7,2025-10-18,20,未完成,,39,4.0
LR00617,S0166,PYT002,1,2025-10-19,45,未完成,,30,0.0
LR00618,S0028,WEB001,12,2026-04-14,55,已完成,91.0,35,0.0
LR00619,S0169,SCR002,18,2025-12-27,25,未完成,,28,2.0
LR00620,S0047,PYT001,3,2025-10-11,75,已完成,77.0,37,3.0
LR00621,S0069,SCR003,16,2025-10-18,90,进行中,,25,0.0
LR00622,S0197,PYT001,1,2025-10-25,45,进行中,,30,5.0
LR00623,S0197,CPP001,8,2026-01-24,80,进行中,,31,1.0
LR00624,S0043,SCR003,2,2026-02-28,25,已完成,78.0,22,0.0
LR00625,S0028,SCR001,11,2026-03-07,40,已完成,82.0,29,3.0
LR00626,S0041,PYT005,6,2025-12-03,55,已完成,60.0,28,0.0
LR00627,S0081,SCR004,12,2026-01-11,35,已完成,76.0,38,4.0
LR00628,S0029,APP001,1,2025-10-03,70,已完成,100.0,33,1.0
LR00629,S0170,APP002,18,2026-05-24,85,已完成,92.0,30,3.0
LR00630,S0174,CPP001,20,2026-05-09,40,未完成,,-5,2.0
LR00631,S0154,PYT005,1,2026-01-17,20,已完成,80.0,38,19.0
LR00632,S0141,PYT002,11,2025-12-27,65,未完成,,30,2.0
LR00633,S0060,EVT002,15,2025-12-07,80,进行中,,29,12.0
LR00634,S0154,APP001,10,2025-11-16,80,已完成,72.0,23,5.0
LR00635,S0054,EVT003,6,2025-09-11,90,已完成,58.0,28,0.0
LR00636,S0194,SCR004,3,2026-02-22,75,已完成,48.0,29,6.0
LR00637,S0066,WEB002,2,2026-01-24,75,已完成,66.0,29,2.0
LR00638,S0197,PYT005,2,2025-12-09,70,已完成,72.0,31,2.0
LR00639,S0059,EVT001,8,2026-05-14,80,已完成,44.0,29,7.0
LR00640,S0179,PYT002,8,2026-05-01,50,进行中,,27,3.0
LR00641,S0032,SCR003,7,2025-09-20,25,未完成,,35,7.0
LR00642,S0136,APP001,11,2025-10-30,70,已完成,66.0,39,2.0
LR00643,S0058,EVT003,18,2025-10-25,30,未完成,,37,0.0
LR00644,S0194,EVT003,5,2026-03-07,25,已完成,97.0,39,0.0
LR00645,S0036,WEB001,10,2026-01-24,45,已完成,97.0,26,0.0
LR00646,S0170,APP001,12,2026-01-17,80,已完成,78.0,32,2.0
LR00647,S0072,SCR001,13,2025-10-05,80,已完成,99.0,36,1.0
LR00648,S0164,PYT004,14,2025-09-12,45,已完成,84.0,25,10.0
LR00649,S0003,SCR002,14,2026-04-10,35,进行中,,35,1.0
LR00650,S0100,PYT001,9,2025-09-13,85,已完成,84.0,25,0.0
LR00651,S0120,CPP001,2,2025-11-06,65,已完成,100.0,35,0.0
LR00652,S0139,PYT001,10,2026-04-01,50,已完成,81.0,24,7.0
LR00653,S0058,SCR003,11,2026-05-09,30,已完成,52.0,29,6.0
LR00654,S0034,WEB001,6,2026-01-17,30,未完成,,31,2.0
LR00655,S0123,PYT002,9,2025-10-12,30,已完成,57.0,33,2.0
LR00656,S0005,EVT001,14,2026-06-01,55,未完成,,31,3.0
LR00657,S0093,CPP002,6,2025-09-20,85,已完成,67.0,26,3.0
LR00658,S0143,APP001,11,2025-11-10,70,未完成,,29,3.0
LR00659,S0124,SCR001,10,2025-11-27,30,未完成,,28,2.0
LR00660,S0172,PYT002,2,2026-01-27,40,已完成,110.0,28,
LR00661,S0161,SCR003,5,2026-02-22,90,已完成,75.0,29,1.0
LR00662,S0042,WEB002,15,2025-12-13,20,已完成,89.0,21,4.0
LR00663,S0065,SCR001,15,2026-05-22,15,已完成,84.0,34,1.0
LR00664,S0091,SCR001,12,2026-03-28,20,已完成,65.0,27,0.0
LR00665,S0142,PYT004,22,2025-12-23,55,已完成,75.0,29,0.0
LR00666,S0031,CPP001,5,2025-12-25,70,已完成,84.0,41,2.0
LR00667,S0114,CPP003,20,2025-10-06,35,未完成,,24,1.0
LR00668,S0137,APP001,8,2025-11-15,40,未完成,,27,1.0
LR00669,S0008,EVT002,12,2026-03-07,15,已完成,89.0,29,3.0
LR00670,S0025,CPP002,4,2026-05-03,30,未完成,,26,0.0
LR00671,S0160,SCR001,6,2025-10-18,20,已完成,75.0,23,0.0
LR00672,S0148,WEB001,6,2026-03-03,20,已完成,42.0,38,0.0
LR00673,S0106,EVT001,13,2026-04-11,85,未完成,,29,0.0
LR00674,S0032,EVT002,3,2026-05-23,60,进行中,,31,2.0
LR00675,S0169,SCR002,4,2026-01-31,600,已完成,68.0,27,2.0
LR00676,S0046,EVT003,16,2025-09-20,45,已完成,76.0,24,1.0
LR00677,S0129,SCR001,9,2026-01-24,90,已完成,73.0,28,2.0
LR00678,S0117,PYT001,12,2026-02-07,70,已完成,84.0,24,0.0
LR00679,S0034,EVT001,3,2025-10-15,70,已完成,66.0,27,13.0
LR00680,S0063,PYT003,3,2026-03-11,75,未完成,,40,1.0
LR00681,S0191,CPP001,17,2026-02-09,75,已完成,68.0,37,0.0
LR00682,S0103,EVT002,8,2025-10-07,90,已完成,65.0,26,2.0
LR00683,S0044,SCR004,8,2025-11-27,85,已完成,94.0,17,3.0
LR00684,S0059,SCR002,22,2025-12-20,15,已完成,100.0,24,0.0
LR00685,S0184,SCR002,1,2026-03-19,15,已完成,59.0,33,1.0
LR00686,S0106,PYT006,12,2026-02-15,65,已完成,85.0,45,6.0
LR00687,S0016,PYT003,12,2026-04-06,40,未完成,,29,4.0
LR00688,S0178,SCR003,6,2026-05-09,75,未完成,,35,0.0
LR00689,S0070,PYT002,19,2026-02-21,85,已完成,83.0,31,4.0
LR00690,S0088,EVT002,16,2025-10-31,25,未完成,,34,2.0
LR00691,S0156,PYT001,14,2025-11-06,50,未完成,,26,5.0
LR00692,S0187,SCR002,15,2026-03-08,80,未完成,,39,2.0
LR00693,S0180,PYT003,15,2026-01-05,55,已完成,89.0,36,8.0
LR00694,S0167,PYT001,10,2025-09-13,90,已完成,84.0,26,1.0
LR00695,S0081,APP001,6,2026-04-05,35,未完成,,37,1.0
LR00696,S0083,EVT002,11,2026-03-07,70,已完成,70.0,24,2.0
LR00697,S0011,SCR003,9,2026-04-18,45,已完成,58.0,27,9.0
LR00698,S0041,APP002,10,2026-05-16,25,未完成,,19,0.0
LR00699,S0074,CPP003,12,2025-12-20,80,已完成,70.0,36,3.0
LR00700,S0117,EVT003,14,2026-05-10,20,进行中,,33,7.0
LR00701,S0101,EVT001,12,2026-01-08,25,已完成,58.0,30,0.0
LR00702,S0062,WEB001,3,2025-09-18,25,未完成,,23,0.0
LR00703,S0139,EVT003,14,2026-05-06,60,已完成,98.0,37,0.0
LR00704,S0078,CPP001,12,2025-11-22,85,已完成,58.0,28,2.0
LR00705,S0069,APP001,15,2025-09-25,60,已完成,81.0,20,5.0
LR00706,S0033,CPP003,19,2026-04-11,55,已完成,100.0,33,2.0
LR00707,S0111,CPP001,14,2025-09-13,60,已完成,81.0,28,2.0
LR00708,S0119,EVT002,12,2026-05-23,45,未完成,,34,0.0
LR00709,S0105,APP002,17,2025-11-18,65,进行中,,27,0.0
LR00710,S0001,EVT003,8,2026-05-28,60,已完成,73.0,24,4.0
LR00711,S0175,PYT004,15,2026-01-02,50,已完成,87.0,42,0.0
LR00712,S0181,EVT002,9,2025-10-18,55,未完成,,30,3.0
LR00713,S0031,EVT003,3,2025-11-22,75,已完成,36.0,30,4.0
LR00714,S0167,PYT002,9,2026-02-07,15,已完成,85.0,28,2.0
LR00715,S0062,CPP002,3,2026-01-10,30,已完成,62.0,27,
LR00716,S0044,WEB002,12,2026-04-27,70,已完成,72.0,27,0.0
LR00717,S0193,WEB002,3,2025-10-06,50,已完成,78.0,36,3.0
LR00718,S0032,WEB001,1,2025-10-06,65,未完成,,43,4.0
LR00719,S0195,PYT004,20,2025-10-04,85,已完成,47.0,25,3.0
LR00720,S0054,WEB002,15,2025-12-08,40,已完成,120.0,-5,7.0
LR00721,S0113,APP001,16,2025-10-04,60,已完成,75.0,30,4.0
LR00722,S0196,PYT004,4,2026-01-03,65,未完成,,29,0.0
LR00723,S0131,WEB002,2,2025-11-17,80,已完成,73.0,33,1.0
LR00724,S0197,WEB002,16,2026-04-18,25,已完成,88.0,28,0.0
LR00725,S0091,PYT001,4,2025-10-04,45,已完成,100.0,31,4.0
LR00726,S0048,EVT003,6,2026-01-31,65,未完成,,34,0.0
LR00727,S0002,PYT004,16,2026-04-23,85,未完成,,23,1.0
LR00728,S0018,SCR001,8,2026-02-28,65,未完成,,29,0.0
LR00729,S0190,SCR004,8,2026-05-07,75,已完成,42.0,24,0.0
LR00730,S0189,SCR003,8,2026-01-03,60,未完成,,32,9.0
LR00731,S0194,PYT001,6,2025-09-27,15,已完成,70.0,20,1.0
LR00732,S0178,APP001,7,2026-01-06,45,进行中,,34,4.0
LR00733,S0141,APP001,1,2026-04-25,75,已完成,100.0,27,0.0
LR00734,S0195,EVT003,16,2025-09-11,55,未完成,,30,4.0
LR00735,S0042,SCR001,9,2026-01-11,40,已完成,63.0,28,3.0
LR00736,S0067,SCR001,16,2026-04-06,80,未完成,,30,2.0
LR00737,S0191,WEB002,11,2026-04-03,90,已完成,78.0,28,1.0
LR00738,S0165,SCR004,1,2026-02-01,90,已完成,61.0,40,2.0
LR00739,S0169,PYT006,14,2026-01-17,85,进行中,,28,3.0
LR00740,S0149,EVT002,14,2025-12-06,70,未完成,,33,1.0
LR00741,S0038,SCR001,1,2026-05-07,15,已完成,66.0,32,1.0
LR00742,S0155,EVT003,6,2026-02-22,45,已完成,59.0,30,1.0
LR00743,S0055,PYT003,10,2026-02-14,90,未完成,,33,3.0
LR00744,S0118,EVT001,9,2026-05-05,15,已完成,96.0,25,1.0
LR00745,S0003,PYT002,1,2026-04-11,50,已完成,99.0,33,3.0
LR00746,S0173,APP001,11,2025-11-01,70,未完成,,31,0.0
LR00747,S0138,WEB002,8,2025-11-11,20,已完成,78.0,28,4.0
LR00748,S0130,SCR004,1,2025-11-29,40,未完成,,21,0.0
LR00749,S0027,PYT004,4,2026-03-21,80,已完成,84.0,30,0.0
LR00750,S0052,SCR004,12,2025-10-04,300,已完成,71.0,31,0.0
LR00751,S0081,EVT002,12,2025-11-13,50,进行中,,40,2.0
LR00752,S0094,SCR004,2,2025-12-20,75,已完成,64.0,32,5.0
LR00753,S0039,CPP001,7,2025-12-06,20,已完成,75.0,31,3.0
LR00754,S0009,EVT003,4,2026-01-02,30,已完成,100.0,23,2.0
LR00755,S0125,PYT006,10,2026-05-07,70,进行中,,38,4.0
LR00756,S0165,CPP001,14,2025-12-20,75,进行中,,36,0.0
LR00757,S0150,CPP003,7,2026-01-17,25,未完成,,24,0.0
LR00758,S0186,WEB002,2,2026-05-30,40,已完成,63.0,25,0.0
LR00759,S0193,SCR001,6,2026-03-07,35,已完成,79.0,22,3.0
LR00760,S0118,SCR004,16,2025-10-06,25,进行中,,28,3.0
LR00761,S0024,WEB001,13,2025-12-18,55,已完成,71.0,31,0.0
LR00762,S0135,WEB002,4,2025-10-11,15,进行中,,26,1.0
LR00763,S0150,PYT005,17,2026-02-21,60,未完成,,36,13.0
LR00764,S0028,WEB002,8,2025-12-01,35,已完成,73.0,29,5.0
LR00765,S0167,PYT002,13,2026-01-09,25,已完成,62.0,25,0.0
LR00766,S0085,PYT001,6,2026-01-21,80,已完成,24.0,27,4.0
LR00767,S0071,PYT006,4,2025-11-27,45,已完成,94.0,31,1.0
LR00768,S0034,SCR001,15,2026-04-10,40,已完成,47.0,34,1.0
LR00769,S0060,APP002,3,2026-01-17,20,已完成,45.0,31,3.0
LR00770,S0180,CPP001,9,2026-01-09,80,已完成,64.0,17,
LR00771,S0182,SCR002,16,2025-09-30,55,已完成,94.0,38,0.0
LR00772,S0017,SCR001,12,2026-01-25,20,已完成,52.0,36,1.0
LR00773,S0100,PYT006,19,2026-04-03,20,已完成,53.0,30,1.0
LR00774,S0005,CPP003,14,2026-05-02,80,已完成,66.0,34,1.0
LR00775,S0144,APP002,8,2026-01-24,25,已完成,46.0,20,1.0
LR00776,S0142,EVT001,16,2026-05-09,30,已完成,53.0,27,2.0
LR00777,S0187,WEB002,6,2026-01-19,40,已完成,62.0,32,3.0
LR00778,S0022,SCR004,12,2025-11-15,30,已完成,71.0,29,0.0
LR00779,S0122,PYT004,5,2025-11-01,70,已完成,83.0,40,5.0
LR00780,S0003,APP002,3,2026-04-25,25,已完成,105.0,28,8.0
LR00781,S0025,EVT001,11,2025-12-20,65,未完成,,29,3.0
LR00782,S0057,CPP002,3,2025-12-12,85,未完成,,35,1.0
LR00783,S0176,PYT005,6,2026-03-06,45,已完成,58.0,18,1.0
LR00784,S0095,PYT002,6,2025-10-05,35,已完成,59.0,35,0.0
LR00785,S0116,PYT006,15,2025-12-17,80,未完成,,22,3.0
LR00786,S0041,SCR002,15,2026-02-24,85,已完成,78.0,31,0.0
LR00787,S0045,PYT003,4,2025-10-18,15,已完成,86.0,32,0.0
LR00788,S0158,APP001,1,2025-12-26,80,已完成,77.0,34,0.0
LR00789,S0142,CPP002,9,2026-01-23,15,已完成,84.0,23,0.0
LR00790,S0077,EVT002,1,2025-11-18,60,已完成,69.0,24,2.0
LR00791,S0170,SCR004,5,2025-10-25,20,进行中,,22,2.0
LR00792,S0107,EVT001,19,2025-11-09,45,已完成,96.0,24,0.0
LR00793,S0063,PYT003,12,2025-11-22,50,已完成,74.0,41,0.0
LR00794,S0170,APP001,15,2025-11-23,70,未完成,,43,8.0
LR00795,S0025,WEB002,11,2025-10-12,40,已完成,62.0,36,0.0
LR00796,S0041,SCR001,3,2025-10-17,25,已完成,66.0,35,1.0
LR00797,S0150,PYT002,14,2026-03-29,45,已完成,72.0,41,6.0
LR00798,S0159,PYT001,5,2025-12-05,25,已完成,77.0,28,4.0
LR00799,S0173,SCR001,6,2026-02-09,35,已完成,75.0,27,2.0
LR00800,S0017,SCR003,9,2025-09-22,15,已完成,70.0,26,3.0
LR00801,S0124,WEB002,1,2025-10-25,35,已完成,100.0,32,0.0
LR00802,S0018,PYT002,9,2026-02-19,30,已完成,53.0,24,2.0
LR00803,S0149,PYT002,7,2026-03-01,55,进行中,,32,3.0
LR00804,S0151,CPP001,13,2026-03-22,70,进行中,,38,2.0
LR00805,S0010,PYT004,11,2025-11-29,25,未完成,,35,0.0
LR00806,S0019,WEB001,3,2026-04-05,35,未完成,,34,0.0
LR00807,S0138,CPP003,9,2025-11-15,80,已完成,33.0,26,0.0
LR00808,S0112,SCR001,17,2026-03-29,80,未完成,,36,5.0
LR00809,S0197,SCR001,2,2026-03-07,55,已完成,69.0,29,5.0
LR00810,S0084,CPP003,6,2026-04-13,90,已完成,96.0,-5,3.0
LR00811,S0028,PYT005,5,2025-09-20,65,已完成,53.0,34,0.0
LR00812,S0140,SCR004,6,2026-01-18,45,已完成,85.0,38,5.0
LR00813,S0034,CPP002,9,2026-03-28,75,已完成,70.0,31,14.0
LR00814,S0092,PYT006,4,2025-11-18,85,已完成,60.0,27,1.0
LR00815,S0048,WEB001,14,2025-10-20,85,已完成,100.0,20,1.0
LR00816,S0031,SCR003,4,2026-03-29,20,已完成,60.0,36,0.0
LR00817,S0164,PYT005,12,2026-03-28,80,进行中,,31,7.0
LR00818,S0059,PYT005,11,2025-10-11,70,已完成,71.0,28,2.0
LR00819,S0057,EVT002,2,2025-11-29,20,已完成,100.0,29,0.0
LR00820,S0160,SCR001,9,2026-01-13,75,未完成,,31,0.0
LR00821,S0093,PYT006,11,2025-09-26,45,已完成,74.0,29,2.0
LR00822,S0084,APP002,16,2025-10-07,85,进行中,,40,3.0
LR00823,S0125,SCR003,7,2026-01-02,50,已完成,55.0,33,1.0
LR00824,S0173,WEB002,11,2025-09-16,25,已完成,72.0,33,1.0
LR00825,S0018,CPP001,4,2026-02-10,480,未完成,,23,
LR00826,S0180,CPP003,10,2026-01-20,35,已完成,94.0,32,4.0
LR00827,S0106,WEB001,2,2026-03-20,50,已完成,71.0,34,4.0
LR00828,S0011,EVT002,3,2026-04-03,15,已完成,93.0,23,0.0
LR00829,S0014,WEB001,2,2025-09-25,65,已完成,81.0,29,2.0
LR00830,S0023,PYT003,19,2025-11-23,65,已完成,53.0,24,1.0
LR00831,S0166,APP001,5,2026-04-30,80,已完成,90.0,25,15.0
LR00832,S0024,EVT002,18,2026-02-21,55,已完成,78.0,38,4.0
LR00833,S0180,PYT003,10,2025-11-15,45,未完成,,39,0.0
LR00834,S0079,SCR002,11,2025-09-15,70,已完成,85.0,32,9.0
LR00835,S0150,SCR003,8,2026-02-14,50,已完成,96.0,30,6.0
LR00836,S0051,SCR002,14,2026-05-14,50,已完成,64.0,31,5.0
LR00837,S0112,SCR003,5,2026-01-23,65,已完成,51.0,27,1.0
LR00838,S0064,CPP003,14,2025-10-17,15,未完成,,23,4.0
LR00839,S0011,SCR003,2,2025-12-28,50,已完成,70.0,30,4.0
LR00840,S0164,CPP002,9,2026-04-11,45,已完成,110.0,37,3.0
LR00841,S0009,EVT002,10,2025-10-06,55,已完成,85.0,37,1.0
LR00842,S0165,PYT003,11,2026-02-25,20,已完成,80.0,29,0.0
LR00843,S0041,PYT004,13,2026-05-05,90,未完成,,36,2.0
LR00844,S0056,CPP003,8,2026-05-11,40,已完成,67.0,31,7.0
LR00845,S0183,SCR002,6,2025-11-19,70,已完成,61.0,33,1.0
LR00846,S0111,PYT002,13,2025-11-10,60,已完成,95.0,26,0.0
LR00847,S0095,CPP002,3,2026-03-09,35,已完成,97.0,25,0.0
LR00848,S0031,PYT003,16,2025-10-01,55,未完成,,33,2.0
LR00849,S0171,WEB002,8,2025-12-24,50,未完成,,33,3.0
LR00850,S0010,PYT002,3,2026-02-11,40,未完成,,27,4.0
LR00851,S0197,CPP003,1,2026-01-15,60,已完成,69.0,27,4.0
LR00852,S0017,APP001,1,2026-02-21,45,已完成,74.0,33,0.0
LR00853,S0100,APP002,8,2026-03-15,70,未完成,,31,3.0
LR00854,S0002,WEB001,4,2025-12-18,30,已完成,31.0,31,0.0
LR00855,S0122,PYT002,19,2026-04-04,15,未完成,,24,6.0
LR00856,S0041,SCR002,12,2026-03-28,25,未完成,,31,2.0
LR00857,S0041,SCR003,9,2026-04-15,55,已完成,86.0,26,2.0
LR00858,S0193,CPP002,1,2026-01-31,30,未完成,,32,1.0
LR00859,S0111,PYT001,1,2025-12-23,70,已完成,56.0,29,1.0
LR00860,S0020,PYT003,12,2025-11-29,60,已完成,79.0,26,0.0
LR00861,S0198,PYT001,15,2026-05-25,90,已完成,77.0,26,1.0
LR00862,S0135,APP002,5,2026-05-30,65,进行中,,28,6.0
LR00863,S0148,PYT004,1,2026-03-31,90,已完成,54.0,33,1.0
LR00864,S0153,PYT002,4,2026-01-03,80,已完成,60.0,25,2.0
LR00865,S0124,SCR003,3,2025-09-23,80,已完成,73.0,27,3.0
LR00866,S0079,SCR002,17,2026-05-23,85,已完成,78.0,31,1.0
LR00867,S0087,PYT002,8,2026-01-28,30,未完成,,35,5.0
LR00868,S0043,SCR002,17,2026-02-21,45,已完成,53.0,38,0.0
LR00869,S0114,EVT003,9,2026-06-01,45,已完成,65.0,29,7.0
LR00870,S0107,APP001,9,2025-09-20,85,已完成,91.0,33,0.0
LR00871,S0158,EVT002,16,2026-04-18,55,未完成,,28,0.0
LR00872,S0113,CPP003,18,2026-04-19,70,未完成,,29,1.0
LR00873,S0195,EVT001,11,2025-11-28,70,未完成,,27,5.0
LR00874,S0070,EVT001,7,2025-11-30,50,未完成,,30,3.0
LR00875,S0012,SCR002,14,2026-05-13,40,未完成,,28,8.0
LR00876,S0175,PYT005,20,2026-05-09,40,已完成,99.0,29,1.0
LR00877,S0094,APP002,16,2025-10-04,70,未完成,,30,2.0
LR00878,S0014,EVT002,11,2025-12-22,75,已完成,62.0,36,1.0
LR00879,S0027,PYT006,7,2026-04-25,15,已完成,88.0,31,2.0
LR00880,S0044,WEB001,4,2026-04-04,65,已完成,58.0,28,
LR00881,S0044,EVT002,3,2026-01-31,30,已完成,59.0,31,0.0
LR00882,S0017,CPP001,20,2026-04-03,55,未完成,,28,2.0
LR00883,S0118,EVT002,7,2025-10-27,55,已完成,75.0,28,2.0
LR00884,S0174,CPP003,9,2026-01-17,85,已完成,62.0,36,1.0
LR00885,S0153,PYT001,16,2026-02-14,90,已完成,94.0,23,7.0
LR00886,S0063,SCR001,9,2026-01-10,70,已完成,94.0,29,5.0
LR00887,S0156,EVT003,7,2026-05-28,25,已完成,72.0,32,4.0
LR00888,S0029,SCR001,10,2025-10-18,45,已完成,92.0,36,0.0
LR00889,S0078,PYT001,13,2026-05-29,45,已完成,46.0,38,13.0
LR00890,S0099,PYT002,6,2026-02-14,50,已完成,79.0,34,14.0
LR00891,S0152,PYT006,10,2026-05-23,60,进行中,,33,3.0
LR00892,S0108,APP001,17,2026-05-16,25,已完成,65.0,29,0.0
LR00893,S0078,CPP002,14,2025-10-11,75,已完成,75.0,25,1.0
LR00894,S0129,APP001,2,2026-03-01,45,已完成,39.0,30,4.0
LR00895,S0017,PYT006,7,2026-05-17,45,已完成,73.0,37,0.0
LR00896,S0142,CPP003,11,2025-09-27,50,已完成,100.0,20,0.0
LR00897,S0117,PYT006,12,2026-02-26,55,已完成,100.0,36,0.0
LR00898,S0194,EVT001,2,2026-02-20,25,已完成,10.0,38,1.0
LR00899,S0115,WEB001,11,2025-10-20,75,已完成,63.0,30,3.0
LR00900,S0044,PYT006,6,2025-09-14,600,已完成,105.0,-5,2.0
LR00901,S0111,SCR004,12,2026-02-21,85,已完成,70.0,22,0.0
LR00902,S0104,CPP001,4,2026-03-14,40,已完成,68.0,25,8.0
LR00903,S0172,SCR003,15,2025-11-10,50,未完成,,29,0.0
LR00904,S0154,APP002,19,2026-03-09,35,已完成,87.0,33,5.0
LR00905,S0100,EVT002,6,2026-02-14,25,已完成,78.0,23,13.0
LR00906,S0176,PYT004,2,2025-10-11,15,已完成,73.0,31,0.0
LR00907,S0006,WEB001,6,2025-12-08,60,已完成,74.0,22,14.0
LR00908,S0154,WEB001,8,2025-10-03,25,未完成,,27,2.0
LR00909,S0088,PYT001,15,2025-12-27,80,进行中,,40,4.0
LR00910,S0022,SCR004,4,2026-03-15,65,已完成,100.0,36,2.0
LR00911,S0044,SCR004,1,2025-12-27,40,未完成,,34,3.0
LR00912,S0094,CPP003,15,2026-01-12,55,已完成,100.0,33,3.0
LR00913,S0035,EVT003,8,2026-02-04,90,未完成,,31,3.0
LR00914,S0083,SCR001,12,2026-03-01,65,未完成,,25,4.0
LR00915,S0173,WEB002,4,2026-01-20,90,进行中,,34,0.0
LR00916,S0132,PYT004,15,2026-01-27,40,未完成,,23,0.0
LR00917,S0177,CPP003,8,2026-05-10,80,已完成,76.0,26,4.0
LR00918,S0088,EVT001,6,2026-04-30,20,已完成,68.0,19,1.0
LR00919,S0073,PYT005,16,2025-11-15,25,未完成,,32,3.0
LR00920,S0111,PYT004,8,2026-05-08,50,未完成,,36,0.0
LR00921,S0006,EVT001,13,2026-03-13,40,已完成,68.0,39,1.0
LR00922,S0200,SCR003,11,2026-01-16,80,未完成,,32,1.0
LR00923,S0058,PYT003,5,2026-04-05,70,已完成,69.0,29,1.0
LR00924,S0135,WEB002,2,2025-09-20,30,已完成,62.0,24,0.0
LR00925,S0176,CPP002,16,2026-03-14,60,已完成,77.0,35,1.0
LR00926,S0134,PYT002,5,2026-04-07,80,已完成,62.0,37,1.0
LR00927,S0009,PYT001,13,2025-10-28,30,已完成,64.0,36,2.0
LR00928,S0200,CPP002,6,2026-01-31,90,已完成,70.0,36,5.0
LR00929,S0111,SCR001,17,2025-11-22,30,已完成,80.0,23,0.0
LR00930,S0101,SCR003,3,2025-12-13,90,已完成,73.0,32,9.0
LR00931,S0034,CPP003,8,2026-05-22,70,未完成,,32,0.0
LR00932,S0128,CPP002,15,2026-02-07,35,进行中,,30,2.0
LR00933,S0064,EVT001,3,2026-04-25,60,已完成,81.0,31,2.0
LR00934,S0029,EVT003,12,2026-01-31,40,已完成,62.0,36,0.0
LR00935,S0153,PYT006,9,2025-11-24,70,已完成,66.0,34,
LR00936,S0104,CPP002,16,2025-11-27,35,已完成,94.0,38,3.0
LR00937,S0107,SCR002,3,2026-03-18,70,已完成,85.0,35,0.0
LR00938,S0070,SCR003,7,2026-02-28,70,已完成,72.0,31,2.0
LR00939,S0084,CPP001,4,2025-11-29,75,已完成,56.0,35,1.0
LR00940,S0119,CPP001,20,2026-01-18,50,已完成,74.0,30,1.0
LR00941,S0096,EVT002,13,2026-05-23,90,已完成,91.0,28,1.0
LR00942,S0033,SCR003,7,2025-11-21,55,已完成,85.0,35,0.0
LR00943,S0101,SCR002,14,2025-10-28,85,已完成,61.0,34,0.0
LR00944,S0134,APP001,8,2025-10-18,80,未完成,,29,1.0
LR00945,S0190,CPP001,2,2025-11-16,20,已完成,66.0,42,2.0
LR00946,S0169,SCR001,10,2025-09-27,75,已完成,66.0,22,0.0
LR00947,S0050,SCR002,2,2026-05-12,90,未完成,,29,0.0
LR00948,S0094,SCR003,7,2026-01-27,25,已完成,67.0,26,7.0
LR00949,S0156,CPP003,6,2025-11-04,75,已完成,73.0,33,0.0
LR00950,S0076,EVT001,22,2026-03-24,65,未完成,,27,11.0
LR00951,S0102,EVT001,13,2025-10-18,75,已完成,53.0,32,2.0
LR00952,S0149,WEB002,18,2025-11-11,30,已完成,91.0,29,0.0
LR00953,S0149,WEB001,18,2025-10-31,60,进行中,,28,5.0
LR00954,S0069,PYT001,6,2026-04-14,45,进行中,,33,6.0
LR00955,S0060,EVT003,11,2025-11-23,90,已完成,65.0,38,3.0
LR00956,S0165,EVT003,9,2025-11-18,25,已完成,64.0,31,1.0
LR00957,S0007,SCR002,1,2025-11-10,50,未完成,,30,0.0
LR00958,S0056,PYT006,16,2025-09-27,85,已完成,87.0,26,0.0
LR00959,S0006,CPP003,12,2025-12-27,75,已完成,66.0,30,3.0
LR00960,S0135,SCR001,6,2026-01-03,75,已完成,120.0,29,4.0
LR00961,S0113,EVT001,14,2026-05-03,45,已完成,59.0,26,5.0
LR00962,S0022,APP001,2,2026-02-05,45,已完成,66.0,37,5.0
LR00963,S0129,SCR001,5,2026-02-14,20,已完成,73.0,38,3.0
LR00964,S0110,WEB001,19,2026-02-23,55,未完成,,36,5.0
LR00965,S0181,EVT002,8,2026-04-20,30,已完成,83.0,29,0.0
LR00966,S0040,SCR002,4,2025-10-13,15,已完成,76.0,28,0.0
LR00967,S0013,APP001,8,2025-10-28,40,已完成,81.0,26,3.0
LR00968,S0025,PYT004,3,2025-12-13,15,未完成,,30,0.0
LR00969,S0064,CPP001,17,2026-05-02,20,已完成,99.0,31,1.0
LR00970,S0049,SCR003,14,2026-02-21,50,已完成,76.0,31,1.0
LR00971,S0001,SCR002,12,2025-11-02,45,已完成,73.0,26,1.0
LR00972,S0121,PYT001,2,2026-03-19,85,进行中,,25,1.0
LR00973,S0087,CPP002,2,2025-10-04,65,已完成,82.0,38,2.0
LR00974,S0152,SCR003,12,2025-12-07,35,已完成,67.0,27,2.0
LR00975,S0101,EVT002,13,2026-03-05,300,已完成,60.0,29,4.0
LR00976,S0115,EVT001,3,2026-04-18,45,已完成,45.0,25,4.0
LR00977,S0019,EVT002,4,2026-06-01,65,已完成,84.0,30,2.0
LR00978,S0198,SCR002,9,2026-04-04,45,已完成,97.0,31,0.0
LR00979,S0161,PYT002,12,2025-11-08,75,已完成,86.0,29,3.0
LR00980,S0046,SCR004,12,2026-05-30,40,已完成,43.0,38,4.0
LR00981,S0125,EVT003,18,2026-05-02,75,已完成,70.0,29,5.0
LR00982,S0117,PYT006,11,2025-09-26,75,已完成,74.0,30,2.0
LR00983,S0133,APP002,14,2026-05-16,50,进行中,,27,3.0
LR00984,S0051,PYT001,8,2025-12-26,80,已完成,90.0,22,0.0
LR00985,S0107,EVT003,7,2026-03-07,85,未完成,,17,2.0
LR00986,S0022,PYT004,14,2026-01-11,90,已完成,66.0,39,1.0
LR00987,S0094,PYT001,7,2026-04-04,80,已完成,67.0,25,6.0
LR00988,S0041,PYT002,13,2026-03-29,85,已完成,96.0,34,1.0
LR00989,S0123,CPP001,16,2025-10-11,50,已完成,83.0,36,3.0
LR00990,S0186,EVT002,9,2025-12-14,75,已完成,59.0,-5,
LR00991,S0018,EVT002,8,2026-03-13,60,进行中,,28,0.0
LR00992,S0042,WEB001,18,2026-05-17,85,未完成,,39,3.0
LR00993,S0064,WEB001,4,2025-11-23,30,已完成,95.0,31,0.0
LR00994,S0196,SCR002,12,2026-03-25,70,已完成,81.0,32,2.0
LR00995,S0088,PYT005,15,2025-10-10,90,已完成,58.0,33,7.0
LR00996,S0160,WEB001,9,2025-10-15,35,已完成,63.0,36,1.0
LR00997,S0101,PYT005,1,2026-05-23,90,已完成,69.0,31,0.0
LR00998,S0014,SCR003,10,2025-10-04,30,已完成,86.0,28,9.0
LR00999,S0009,PYT002,16,2026-02-07,30,已完成,90.0,30,4.0
LR01000,S0100,SCR002,10,2025-10-25,75,进行中,,28,0.0
LR01001,S0138,APP001,8,2025-09-28,80,已完成,93.0,26,6.0
LR01002,S0023,WEB001,4,2026-01-10,20,已完成,62.0,35,0.0
LR01003,S0093,CPP001,8,2026-05-08,60,已完成,73.0,39,3.0
LR01004,S0140,EVT001,12,2025-10-11,75,已完成,87.0,33,10.0
LR01005,S0095,WEB001,15,2025-12-27,55,已完成,68.0,34,2.0
LR01006,S0180,WEB001,15,2026-01-25,15,进行中,,31,1.0
LR01007,S0176,APP001,11,2026-04-04,50,已完成,93.0,38,3.0
LR01008,S0153,SCR004,16,2025-09-27,70,未完成,,30,0.0
LR01009,S0172,PYT001,13,2026-03-15,55,已完成,73.0,19,3.0
LR01010,S0028,EVT003,9,2025-10-04,80,已完成,79.0,27,1.0
LR01011,S0135,CPP002,4,2025-11-15,30,已完成,91.0,27,4.0
LR01012,S0181,SCR001,2,2025-11-22,50,已完成,66.0,21,2.0
LR01013,S0015,PYT006,9,2026-05-08,85,已完成,69.0,33,4.0
LR01014,S0139,PYT001,9,2026-03-04,15,已完成,57.0,31,0.0
LR01015,S0160,EVT003,6,2026-01-24,60,已完成,80.0,34,1.0
LR01016,S0010,SCR002,12,2026-02-21,85,已完成,73.0,28,2.0
LR01017,S0153,SCR003,1,2026-01-03,55,已完成,71.0,29,1.0
LR01018,S0001,CPP003,7,2026-02-14,25,未完成,,29,0.0
LR01019,S0102,APP001,14,2025-12-24,30,未完成,,23,1.0
LR01020,S0136,APP001,2,2026-03-07,65,未完成,,28,6.0
LR01021,S0023,PYT002,11,2025-09-12,45,已完成,83.0,27,1.0
LR01022,S0120,PYT003,5,2025-11-19,85,未完成,,33,2.0
LR01023,S0019,EVT002,11,2026-01-18,30,已完成,80.0,23,3.0
LR01024,S0030,PYT003,2,2026-03-27,20,已完成,100.0,41,0.0
LR01025,S0188,WEB002,6,2026-05-21,60,未完成,,34,4.0
LR01026,S0002,EVT001,11,2026-04-04,45,已完成,96.0,19,1.0
LR01027,S0098,CPP002,13,2026-02-21,45,已完成,88.0,39,0.0
LR01028,S0120,EVT002,3,2026-02-28,15,已完成,84.0,37,2.0
LR01029,S0104,SCR002,6,2025-10-08,65,未完成,,39,0.0
LR01030,S0067,SCR002,5,2025-10-20,60,已完成,73.0,21,0.0
LR01031,S0172,PYT003,13,2026-03-05,45,已完成,78.0,29,8.0
LR01032,S0149,CPP002,22,2026-01-29,65,已完成,49.0,33,2.0
LR01033,S0106,CPP001,11,2026-05-06,55,已完成,76.0,28,11.0
LR01034,S0157,CPP002,14,2026-05-29,20,已完成,92.0,36,1.0
LR01035,S0078,APP001,5,2025-10-10,40,未完成,,36,1.0
LR01036,S0002,PYT004,16,2025-12-27,30,已完成,100.0,29,0.0
LR01037,S0067,APP002,10,2025-11-08,25,已完成,77.0,28,0.0
LR01038,S0048,CPP002,3,2025-11-08,40,进行中,,21,2.0
LR01039,S0144,WEB001,1,2025-11-22,85,已完成,93.0,30,1.0
LR01040,S0091,CPP003,15,2025-11-07,45,已完成,65.0,31,3.0
LR01041,S0144,PYT003,8,2026-03-07,40,已完成,48.0,32,0.0
LR01042,S0047,SCR003,18,2026-03-13,55,未完成,,31,1.0
LR01043,S0029,PYT006,19,2025-12-10,30,已完成,63.0,38,1.0
LR01044,S0088,APP002,12,2026-03-28,65,已完成,70.0,24,11.0
LR01045,S0175,SCR001,14,2026-04-21,75,未完成,,34,
LR01046,S0089,WEB002,18,2025-12-15,20,已完成,77.0,40,1.0
LR01047,S0001,CPP003,14,2025-12-20,65,已完成,66.0,34,1.0
LR01048,S0138,WEB002,5,2026-04-25,85,未完成,,31,6.0
LR01049,S0100,EVT002,16,2025-11-15,80,已完成,56.0,26,0.0
LR01050,S0139,SCR004,4,2025-09-23,480,已完成,78.0,27,7.0
LR01051,S0170,EVT002,1,2025-12-18,45,已完成,62.0,43,0.0
LR01052,S0121,CPP001,4,2026-05-11,80,已完成,60.0,27,0.0
LR01053,S0139,PYT003,8,2025-10-11,20,已完成,71.0,42,1.0
LR01054,S0095,CPP003,8,2026-05-02,25,未完成,,33,5.0
LR01055,S0172,EVT001,1,2026-02-14,45,已完成,79.0,23,7.0
LR01056,S0172,PYT006,9,2025-11-11,45,已完成,59.0,28,2.0
LR01057,S0199,CPP002,3,2026-03-21,60,未完成,,40,2.0
LR01058,S0092,CPP002,4,2026-02-17,75,已完成,68.0,30,9.0
LR01059,S0029,APP001,12,2025-10-22,30,未完成,,30,4.0
LR01060,S0146,EVT002,15,2025-11-29,50,已完成,97.0,23,0.0
LR01061,S0186,EVT003,12,2026-03-08,45,已完成,75.0,19,1.0
LR01062,S0172,CPP001,16,2026-02-14,90,已完成,80.0,24,1.0
LR01063,S0016,PYT002,5,2025-11-28,50,已完成,76.0,35,4.0
LR01064,S0021,WEB002,3,2025-11-29,60,已完成,81.0,36,10.0
LR01065,S0032,PYT001,17,2026-02-22,25,已完成,84.0,39,0.0
LR01066,S0127,SCR003,8,2026-01-24,30,已完成,88.0,35,0.0
LR01067,S0072,WEB002,16,2026-01-07,20,已完成,91.0,20,2.0
LR01068,S0040,CPP001,8,2025-12-06,20,未完成,,35,4.0
LR01069,S0009,PYT003,15,2025-09-19,80,已完成,60.0,42,3.0
LR01070,S0185,SCR001,19,2026-01-04,90,已完成,76.0,28,0.0
LR01071,S0111,APP002,14,2026-02-28,25,未完成,,42,1.0
LR01072,S0134,PYT004,23,2026-04-11,90,未完成,,23,3.0
LR01073,S0013,EVT003,1,2025-10-11,55,已完成,74.0,34,1.0
LR01074,S0002,SCR002,7,2025-11-02,75,未完成,,45,0.0
LR01075,S0065,PYT002,11,2025-12-07,50,已完成,71.0,29,4.0
LR01076,S0153,PYT006,10,2026-04-14,55,已完成,100.0,35,4.0
LR01077,S0090,EVT003,13,2025-10-04,45,已完成,57.0,33,3.0
LR01078,S0039,SCR001,4,2025-12-04,15,进行中,,18,1.0
LR01079,S0006,PYT005,17,2026-05-07,30,进行中,,29,3.0
LR01080,S0014,CPP002,4,2026-04-02,65,已完成,105.0,-5,1.0
LR01081,S0082,PYT002,4,2026-02-20,70,已完成,71.0,24,2.0
LR01082,S0197,CPP001,9,2025-10-19,45,已完成,76.0,28,4.0
LR01083,S0092,EVT002,6,2025-11-16,65,已完成,88.0,38,1.0
LR01084,S0082,PYT002,10,2026-01-06,20,进行中,,22,4.0
LR01085,S0081,APP001,14,2026-02-07,40,已完成,52.0,28,2.0
LR01086,S0078,PYT006,6,2025-10-25,85,进行中,,30,1.0
LR01087,S0137,EVT002,5,2026-04-18,55,已完成,97.0,27,3.0
LR01088,S0113,PYT006,7,2025-12-26,65,进行中,,25,1.0
LR01089,S0172,PYT001,15,2026-02-24,40,已完成,76.0,32,0.0
LR01090,S0001,SCR004,5,2026-04-20,50,已完成,58.0,29,2.0
LR01091,S0128,WEB001,3,2025-12-29,85,已完成,47.0,33,0.0
LR01092,S0038,SCR004,13,2026-04-04,60,已完成,49.0,37,1.0
LR01093,S0046,EVT002,7,2026-05-12,15,已完成,61.0,26,1.0
LR01094,S0159,CPP003,1,2026-05-05,90,未完成,,30,12.0
LR01095,S0166,APP002,13,2025-11-08,55,进行中,,29,7.0
LR01096,S0088,WEB001,2,2025-09-20,45,已完成,72.0,22,1.0
LR01097,S0172,CPP003,12,2026-05-07,70,已完成,74.0,26,1.0
LR01098,S0125,WEB001,13,2025-11-01,40,已完成,83.0,34,0.0
LR01099,S0023,PYT003,13,2026-02-10,15,已完成,65.0,33,1.0
LR01100,S0137,EVT003,8,2026-02-21,30,已完成,70.0,27,
LR01101,S0056,EVT003,7,2026-01-13,85,已完成,53.0,27,1.0
LR01102,S0146,SCR003,14,2026-05-28,40,已完成,87.0,28,0.0
LR01103,S0043,SCR002,11,2026-02-21,40,已完成,85.0,26,5.0
LR01104,S0074,PYT005,8,2026-03-23,50,进行中,,27,13.0
LR01105,S0071,EVT003,9,2026-05-11,75,已完成,42.0,30,1.0
LR01106,S0155,WEB002,5,2025-12-20,55,已完成,97.0,21,4.0
LR01107,S0125,SCR002,7,2026-05-06,15,已完成,69.0,15,1.0
LR01108,S0146,EVT001,5,2025-09-13,25,进行中,,32,0.0
LR01109,S0047,EVT001,5,2025-12-20,45,已完成,73.0,24,1.0
LR01110,S0062,SCR001,9,2026-03-15,60,进行中,,24,3.0
LR01111,S0182,APP001,4,2026-02-14,20,未完成,,31,0.0
LR01112,S0116,PYT004,16,2025-12-23,65,未完成,,25,1.0
LR01113,S0119,SCR001,2,2025-11-08,35,未完成,,28,0.0
LR01114,S0006,CPP003,12,2025-12-07,35,已完成,75.0,30,6.0
LR01115,S0021,CPP001,3,2026-05-14,85,已完成,77.0,29,0.0
LR01116,S0114,PYT006,8,2025-11-30,50,已完成,80.0,24,1.0
LR01117,S0079,WEB001,7,2026-03-21,40,已完成,95.0,31,2.0
LR01118,S0058,PYT003,2,2026-01-17,90,已完成,100.0,33,5.0
LR01119,S0173,APP002,2,2025-09-20,20,未完成,,34,4.0
LR01120,S0147,PYT004,15,2026-05-30,90,未完成,,27,0.0
LR01121,S0157,SCR002,9,2026-02-16,40,已完成,77.0,34,4.0
LR01122,S0078,SCR002,5,2026-05-24,30,已完成,44.0,19,3.0
LR01123,S0150,WEB002,4,2026-04-04,35,未完成,,30,0.0
LR01124,S0138,SCR001,12,2025-12-20,90,进行中,,28,1.0
LR01125,S0001,PYT005,8,2026-05-02,300,未完成,,37,1.0
LR01126,S0105,APP002,14,2025-10-04,30,已完成,83.0,31,3.0
LR01127,S0109,APP001,2,2026-05-04,35,已完成,58.0,23,1.0
LR01128,S0078,CPP001,6,2026-04-30,40,已完成,90.0,24,4.0
LR01129,S0136,EVT003,8,2026-04-23,50,已完成,77.0,34,2.0
LR01130,S0076,SCR001,8,2026-04-10,20,已完成,65.0,22,6.0
LR01131,S0007,PYT005,7,2025-12-28,65,已完成,47.0,34,3.0
LR01132,S0114,SCR002,4,2026-03-29,75,已完成,80.0,29,0.0
LR01133,S0069,CPP001,23,2026-02-21,75,未完成,,21,0.0
LR01134,S0128,SCR001,15,2025-11-17,80,已完成,82.0,27,0.0
LR01135,S0079,WEB001,3,2025-12-17,15,已完成,76.0,28,2.0
LR01136,S0090,SCR001,17,2025-09-15,80,未完成,,32,2.0
LR01137,S0162,PYT002,16,2026-05-27,40,已完成,86.0,31,2.0
LR01138,S0001,PYT002,12,2026-01-05,85,已完成,66.0,29,3.0
LR01139,S0178,SCR003,10,2025-12-20,20,已完成,85.0,31,1.0
LR01140,S0111,PYT003,16,2026-03-28,20,未完成,,24,5.0
LR01141,S0068,PYT001,6,2026-02-02,85,已完成,80.0,33,7.0
LR01142,S0147,PYT006,3,2025-10-15,45,进行中,,32,3.0
LR01143,S0115,SCR003,11,2026-01-21,30,未完成,,29,0.0
LR01144,S0112,SCR003,2,2026-01-19,90,进行中,,21,1.0
LR01145,S0020,CPP001,3,2026-04-26,45,未完成,,27,0.0
LR01146,S0082,CPP003,13,2026-03-01,30,进行中,,30,3.0
LR01147,S0081,PYT005,6,2026-03-14,15,已完成,96.0,26,0.0
LR01148,S0093,PYT004,5,2026-03-04,50,进行中,,23,0.0
LR01149,S0023,CPP003,3,2025-09-21,45,未完成,,32,0.0
LR01150,S0066,PYT004,16,2025-11-15,55,已完成,67.0,28,1.0
LR01151,S0039,EVT003,2,2026-04-25,30,已完成,54.0,23,2.0
LR01152,S0107,CPP003,19,2026-01-12,35,已完成,59.0,26,0.0
LR01153,S0011,SCR001,12,2026-03-03,25,已完成,82.0,22,0.0
LR01154,S0128,SCR004,2,2026-03-19,70,已完成,65.0,35,12.0
LR01155,S0129,SCR003,9,2026-01-18,90,已完成,92.0,43,
LR01156,S0108,SCR004,6,2026-01-03,75,进行中,,36,4.0
LR01157,S0072,CPP003,3,2025-11-06,35,已完成,83.0,42,3.0
LR01158,S0028,CPP002,11,2026-01-03,70,已完成,58.0,36,2.0
LR01159,S0003,APP001,6,2025-12-15,80,未完成,,32,8.0
LR01160,S0081,APP001,16,2025-10-24,85,未完成,,33,0.0
LR01161,S0127,PYT003,3,2026-02-21,40,已完成,64.0,29,1.0
LR01162,S0004,WEB001,16,2026-01-24,70,未完成,,27,2.0
LR01163,S0060,CPP001,19,2025-12-21,60,已完成,84.0,36,3.0
LR01164,S0085,SCR001,7,2026-03-14,65,已完成,80.0,30,2.0
LR01165,S0188,WEB002,5,2026-02-14,65,已完成,67.0,35,0.0
LR01166,S0001,EVT002,11,2026-01-31,45,已完成,75.0,37,4.0
LR01167,S0107,SCR004,14,2026-03-23,30,已完成,72.0,39,1.0
LR01168,S0007,SCR001,13,2026-03-25,25,已完成,66.0,26,3.0
LR01169,S0141,PYT005,7,2026-05-30,65,未完成,,27,1.0
LR01170,S0097,SCR004,11,2026-04-23,80,已完成,89.0,-5,1.0
LR01171,S0014,APP001,8,2025-11-23,60,未完成,,36,0.0
LR01172,S0039,PYT006,15,2025-10-07,40,已完成,90.0,36,1.0
LR01173,S0099,PYT002,2,2026-05-16,55,进行中,,38,2.0
LR01174,S0147,WEB001,4,2026-01-27,60,已完成,69.0,29,0.0
LR01175,S0001,PYT005,10,2026-02-20,15,未完成,,33,0.0
LR01176,S0162,WEB001,4,2026-02-28,70,已完成,98.0,33,3.0
LR01177,S0125,CPP003,10,2026-05-29,80,已完成,91.0,32,0.0
LR01178,S0166,SCR003,11,2025-11-24,75,已完成,90.0,24,1.0
LR01179,S0085,APP002,1,2025-11-24,30,未完成,,31,4.0
LR01180,S0085,SCR003,10,2025-12-14,35,未完成,,27,4.0
LR01181,S0046,CPP003,5,2026-02-03,50,未完成,,25,4.0
LR01182,S0134,PYT002,16,2026-03-21,50,已完成,79.0,43,0.0
LR01183,S0133,EVT003,14,2026-05-26,65,未完成,,30,7.0
LR01184,S0002,EVT002,9,2026-02-12,35,未完成,,37,4.0
LR01185,S0191,PYT006,15,2025-10-27,80,进行中,,30,0.0
LR01186,S0028,EVT001,16,2026-02-21,35,未完成,,36,2.0
LR01187,S0181,APP001,1,2025-11-01,50,未完成,,30,2.0
LR01188,S0112,CPP001,7,2026-01-11,80,未完成,,34,3.0
LR01189,S0131,PYT003,13,2025-11-26,25,已完成,76.0,31,0.0
LR01190,S0076,APP002,13,2026-05-14,25,已完成,60.0,16,1.0
LR01191,S0047,WEB002,8,2025-12-20,55,已完成,88.0,32,1.0
LR01192,S0003,CPP003,12,2026-01-03,75,已完成,78.0,36,6.0
LR01193,S0174,PYT003,11,2025-11-07,90,已完成,72.0,37,1.0
LR01194,S0178,PYT005,10,2026-03-14,70,未完成,,37,1.0
LR01195,S0171,CPP002,8,2026-01-24,85,进行中,,34,2.0
LR01196,S0014,EVT002,5,2025-11-06,50,已完成,72.0,26,3.0
LR01197,S0129,SCR002,8,2025-09-18,55,未完成,,23,4.0
LR01198,S0173,EVT001,17,2025-11-12,30,进行中,,26,0.0
LR01199,S0069,EVT001,9,2026-01-10,70,未完成,,12,2.0
LR01200,S0155,CPP003,1,2025-09-15,600,已完成,105.0,38,15.0
LR00857,S0041,SCR003,9,2026-04-15,55,已完成,86.0,26,2.0
LR00543,S0018,CPP003,3,2025-10-16,85,已完成,55.0,27,8.0
LR00971,S0001,SCR002,12,2025-11-02,45,已完成,73.0,26,1.0
LR00639,S0059,EVT001,8,2026-05-14,80,已完成,44.0,29,7.0
LR00671,S0160,SCR001,6,2025-10-18,20,已完成,75.0,23,0.0
